"Source plate"," source well"," Destination plate"," Destination well"," vol"," Specimen name"
"source1"," 1"," 1"," 1"," 10"," 1"
"source1"," 2"," 1"," 2"," 10"," 1"
"source1"," 3"," 1"," 3"," 10"," 1"
"source1"," 4"," 1"," 4"," 10"," 1"
"source1"," 1"," 1"," 17"," 10"," 1"
"source1"," 2"," 1"," 18"," 10"," 1"
"source1"," 3"," 1"," 19"," 10"," 1"
"source1"," 4"," 1"," 20"," 10"," 1"
"source1"," 1"," 1"," 33"," 10"," 1"
"source1"," 2"," 1"," 34"," 10"," 1"
"source1"," 3"," 1"," 35"," 10"," 1"
"source1"," 4"," 1"," 36"," 10"," 1"
"source1"," 1"," 1"," 49"," 10"," 1"
"source1"," 2"," 1"," 50"," 10"," 1"
"source1"," 3"," 1"," 51"," 10"," 1"
"source1"," 4"," 1"," 52"," 10"," 1"
"source1"," 1"," 1"," 65"," 10"," 1"
"source1"," 2"," 1"," 66"," 10"," 1"
"source1"," 3"," 1"," 67"," 10"," 1"
"source1"," 4"," 1"," 68"," 10"," 1"
"source1"," 5"," 1"," 5"," 10"," 1"
"source1"," 6"," 1"," 6"," 10"," 1"
"source1"," 7"," 1"," 7"," 10"," 1"
"source1"," 8"," 1"," 8"," 10"," 1"
"source1"," 5"," 1"," 21"," 10"," 1"
"source1"," 6"," 1"," 22"," 10"," 1"
"source1"," 7"," 1"," 23"," 10"," 1"
"source1"," 8"," 1"," 24"," 10"," 1"
"source1"," 5"," 1"," 37"," 10"," 1"
"source1"," 6"," 1"," 38"," 10"," 1"
"source1"," 7"," 1"," 39"," 10"," 1"
"source1"," 8"," 1"," 40"," 10"," 1"
"source1"," 5"," 1"," 53"," 10"," 1"
"source1"," 6"," 1"," 54"," 10"," 1"
"source1"," 7"," 1"," 55"," 10"," 1"
"source1"," 8"," 1"," 56"," 10"," 1"
"source1"," 5"," 1"," 69"," 10"," 1"
"source1"," 6"," 1"," 70"," 10"," 1"
"source1"," 7"," 1"," 71"," 10"," 1"
"source1"," 8"," 1"," 72"," 10"," 1"
"source1"," 9"," 1"," 9"," 10"," 1"
"source1"," 10"," 1"," 10"," 10"," 1"
"source1"," 11"," 1"," 11"," 10"," 1"
"source1"," 12"," 1"," 12"," 10"," 1"
"source1"," 9"," 1"," 25"," 10"," 1"
"source1"," 10"," 1"," 26"," 10"," 1"
"source1"," 11"," 1"," 27"," 10"," 1"
"source1"," 12"," 1"," 28"," 10"," 1"
"source1"," 9"," 1"," 41"," 10"," 1"
"source1"," 10"," 1"," 42"," 10"," 1"
"source1"," 11"," 1"," 43"," 10"," 1"
"source1"," 12"," 1"," 44"," 10"," 1"
"source1"," 9"," 1"," 57"," 10"," 1"
"source1"," 10"," 1"," 58"," 10"," 1"
"source1"," 11"," 1"," 59"," 10"," 1"
"source1"," 12"," 1"," 60"," 10"," 1"
"source1"," 9"," 1"," 73"," 10"," 1"
"source1"," 10"," 1"," 74"," 10"," 1"
"source1"," 11"," 1"," 75"," 10"," 1"
"source1"," 12"," 1"," 76"," 10"," 1"
"source1"," 13"," 1"," 13"," 10"," 1"
"source1"," 14"," 1"," 14"," 10"," 1"
"source1"," 15"," 1"," 15"," 10"," 1"
"source1"," 16"," 1"," 16"," 10"," 1"
"source1"," 13"," 1"," 29"," 10"," 1"
"source1"," 14"," 1"," 30"," 10"," 1"
"source1"," 15"," 1"," 31"," 10"," 1"
"source1"," 16"," 1"," 32"," 10"," 1"
"source1"," 13"," 1"," 45"," 10"," 1"
"source1"," 14"," 1"," 46"," 10"," 1"
"source1"," 15"," 1"," 47"," 10"," 1"
"source1"," 16"," 1"," 48"," 10"," 1"
"source1"," 13"," 1"," 61"," 10"," 1"
"source1"," 14"," 1"," 62"," 10"," 1"
"source1"," 15"," 1"," 63"," 10"," 1"
"source1"," 16"," 1"," 64"," 10"," 1"
"source1"," 13"," 1"," 77"," 10"," 1"
"source1"," 14"," 1"," 78"," 10"," 1"
"source1"," 15"," 1"," 79"," 10"," 1"
"source1"," 16"," 1"," 80"," 10"," 1"
"source1"," 17"," 1"," 1"," 10"," 1"
"source1"," 18"," 1"," 2"," 10"," 1"
"source1"," 19"," 1"," 3"," 10"," 1"
"source1"," 20"," 1"," 4"," 10"," 1"
"source1"," 17"," 1"," 18"," 10"," 1"
"source1"," 18"," 1"," 19"," 10"," 1"
"source1"," 19"," 1"," 20"," 10"," 1"
"source1"," 20"," 1"," 21"," 10"," 1"
"source1"," 17"," 1"," 35"," 10"," 1"
"source1"," 18"," 1"," 36"," 10"," 1"
"source1"," 19"," 1"," 37"," 10"," 1"
"source1"," 20"," 1"," 38"," 10"," 1"
"source1"," 17"," 1"," 52"," 10"," 1"
"source1"," 18"," 1"," 53"," 10"," 1"
"source1"," 19"," 1"," 54"," 10"," 1"
"source1"," 20"," 1"," 55"," 10"," 1"
"source1"," 17"," 1"," 69"," 10"," 1"
"source1"," 18"," 1"," 70"," 10"," 1"
"source1"," 19"," 1"," 71"," 10"," 1"
"source1"," 20"," 1"," 72"," 10"," 1"
"source1"," 21"," 1"," 5"," 10"," 1"
"source1"," 22"," 1"," 6"," 10"," 1"
"source1"," 23"," 1"," 7"," 10"," 1"
"source1"," 24"," 1"," 8"," 10"," 1"
"source1"," 21"," 1"," 22"," 10"," 1"
"source1"," 22"," 1"," 23"," 10"," 1"
"source1"," 23"," 1"," 24"," 10"," 1"
"source1"," 24"," 1"," 25"," 10"," 1"
"source1"," 21"," 1"," 39"," 10"," 1"
"source1"," 22"," 1"," 40"," 10"," 1"
"source1"," 23"," 1"," 41"," 10"," 1"
"source1"," 24"," 1"," 42"," 10"," 1"
"source1"," 21"," 1"," 56"," 10"," 1"
"source1"," 22"," 1"," 57"," 10"," 1"
"source1"," 23"," 1"," 58"," 10"," 1"
"source1"," 24"," 1"," 59"," 10"," 1"
"source1"," 21"," 1"," 73"," 10"," 1"
"source1"," 22"," 1"," 74"," 10"," 1"
"source1"," 23"," 1"," 75"," 10"," 1"
"source1"," 24"," 1"," 76"," 10"," 1"
"source1"," 25"," 1"," 9"," 10"," 1"
"source1"," 26"," 1"," 10"," 10"," 1"
"source1"," 27"," 1"," 11"," 10"," 1"
"source1"," 28"," 1"," 12"," 10"," 1"
"source1"," 25"," 1"," 26"," 10"," 1"
"source1"," 26"," 1"," 27"," 10"," 1"
"source1"," 27"," 1"," 28"," 10"," 1"
"source1"," 28"," 1"," 29"," 10"," 1"
"source1"," 25"," 1"," 43"," 10"," 1"
"source1"," 26"," 1"," 44"," 10"," 1"
"source1"," 27"," 1"," 45"," 10"," 1"
"source1"," 28"," 1"," 46"," 10"," 1"
"source1"," 25"," 1"," 60"," 10"," 1"
"source1"," 26"," 1"," 61"," 10"," 1"
"source1"," 27"," 1"," 62"," 10"," 1"
"source1"," 28"," 1"," 63"," 10"," 1"
"source1"," 25"," 1"," 77"," 10"," 1"
"source1"," 26"," 1"," 78"," 10"," 1"
"source1"," 27"," 1"," 79"," 10"," 1"
"source1"," 28"," 1"," 80"," 10"," 1"
"source1"," 29"," 1"," 13"," 10"," 1"
"source1"," 30"," 1"," 14"," 10"," 1"
"source1"," 31"," 1"," 15"," 10"," 1"
"source1"," 32"," 1"," 16"," 10"," 1"
"source1"," 29"," 1"," 30"," 10"," 1"
"source1"," 30"," 1"," 31"," 10"," 1"
"source1"," 31"," 1"," 32"," 10"," 1"
"source1"," 32"," 1"," 17"," 10"," 1"
"source1"," 29"," 1"," 47"," 10"," 1"
"source1"," 30"," 1"," 48"," 10"," 1"
"source1"," 31"," 1"," 33"," 10"," 1"
"source1"," 32"," 1"," 34"," 10"," 1"
"source1"," 29"," 1"," 64"," 10"," 1"
"source1"," 30"," 1"," 49"," 10"," 1"
"source1"," 31"," 1"," 50"," 10"," 1"
"source1"," 32"," 1"," 51"," 10"," 1"
"source1"," 29"," 1"," 65"," 10"," 1"
"source1"," 30"," 1"," 66"," 10"," 1"
"source1"," 31"," 1"," 67"," 10"," 1"
"source1"," 32"," 1"," 68"," 10"," 1"
"source1"," 33"," 1"," 1"," 10"," 1"
"source1"," 34"," 1"," 2"," 10"," 1"
"source1"," 35"," 1"," 3"," 10"," 1"
"source1"," 36"," 1"," 4"," 10"," 1"
"source1"," 33"," 1"," 19"," 10"," 1"
"source1"," 34"," 1"," 20"," 10"," 1"
"source1"," 35"," 1"," 21"," 10"," 1"
"source1"," 36"," 1"," 22"," 10"," 1"
"source1"," 33"," 1"," 37"," 10"," 1"
"source1"," 34"," 1"," 38"," 10"," 1"
"source1"," 35"," 1"," 39"," 10"," 1"
"source1"," 36"," 1"," 40"," 10"," 1"
"source1"," 33"," 1"," 55"," 10"," 1"
"source1"," 34"," 1"," 56"," 10"," 1"
"source1"," 35"," 1"," 57"," 10"," 1"
"source1"," 36"," 1"," 58"," 10"," 1"
"source1"," 33"," 1"," 73"," 10"," 1"
"source1"," 34"," 1"," 74"," 10"," 1"
"source1"," 35"," 1"," 75"," 10"," 1"
"source1"," 36"," 1"," 76"," 10"," 1"
"source1"," 37"," 1"," 5"," 10"," 1"
"source1"," 38"," 1"," 6"," 10"," 1"
"source1"," 39"," 1"," 7"," 10"," 1"
"source1"," 40"," 1"," 8"," 10"," 1"
"source1"," 37"," 1"," 23"," 10"," 1"
"source1"," 38"," 1"," 24"," 10"," 1"
"source1"," 39"," 1"," 25"," 10"," 1"
"source1"," 40"," 1"," 26"," 10"," 1"
"source1"," 37"," 1"," 41"," 10"," 1"
"source1"," 38"," 1"," 42"," 10"," 1"
"source1"," 39"," 1"," 43"," 10"," 1"
"source1"," 40"," 1"," 44"," 10"," 1"
"source1"," 37"," 1"," 59"," 10"," 1"
"source1"," 38"," 1"," 60"," 10"," 1"
"source1"," 39"," 1"," 61"," 10"," 1"
"source1"," 40"," 1"," 62"," 10"," 1"
"source1"," 37"," 1"," 77"," 10"," 1"
"source1"," 38"," 1"," 78"," 10"," 1"
"source1"," 39"," 1"," 79"," 10"," 1"
"source1"," 40"," 1"," 80"," 10"," 1"
"source1"," 41"," 1"," 9"," 10"," 1"
"source1"," 42"," 1"," 10"," 10"," 1"
"source1"," 43"," 1"," 11"," 10"," 1"
"source1"," 44"," 1"," 12"," 10"," 1"
"source1"," 41"," 1"," 27"," 10"," 1"
"source1"," 42"," 1"," 28"," 10"," 1"
"source1"," 43"," 1"," 29"," 10"," 1"
"source1"," 44"," 1"," 30"," 10"," 1"
"source1"," 41"," 1"," 45"," 10"," 1"
"source1"," 42"," 1"," 46"," 10"," 1"
"source1"," 43"," 1"," 47"," 10"," 1"
"source1"," 44"," 1"," 48"," 10"," 1"
"source1"," 41"," 1"," 63"," 10"," 1"
"source1"," 42"," 1"," 64"," 10"," 1"
"source1"," 43"," 1"," 49"," 10"," 1"
"source1"," 44"," 1"," 50"," 10"," 1"
"source1"," 41"," 1"," 65"," 10"," 1"
"source1"," 42"," 1"," 66"," 10"," 1"
"source1"," 43"," 1"," 67"," 10"," 1"
"source1"," 44"," 1"," 68"," 10"," 1"
"source1"," 45"," 1"," 13"," 10"," 1"
"source1"," 46"," 1"," 14"," 10"," 1"
"source1"," 47"," 1"," 15"," 10"," 1"
"source1"," 48"," 1"," 16"," 10"," 1"
"source1"," 45"," 1"," 31"," 10"," 1"
"source1"," 46"," 1"," 32"," 10"," 1"
"source1"," 47"," 1"," 17"," 10"," 1"
"source1"," 48"," 1"," 18"," 10"," 1"
"source1"," 45"," 1"," 33"," 10"," 1"
"source1"," 46"," 1"," 34"," 10"," 1"
"source1"," 47"," 1"," 35"," 10"," 1"
"source1"," 48"," 1"," 36"," 10"," 1"
"source1"," 45"," 1"," 51"," 10"," 1"
"source1"," 46"," 1"," 52"," 10"," 1"
"source1"," 47"," 1"," 53"," 10"," 1"
"source1"," 48"," 1"," 54"," 10"," 1"
"source1"," 45"," 1"," 69"," 10"," 1"
"source1"," 46"," 1"," 70"," 10"," 1"
"source1"," 47"," 1"," 71"," 10"," 1"
"source1"," 48"," 1"," 72"," 10"," 1"
"source1"," 49"," 1"," 1"," 10"," 1"
"source1"," 50"," 1"," 2"," 10"," 1"
"source1"," 51"," 1"," 3"," 10"," 1"
"source1"," 52"," 1"," 4"," 10"," 1"
"source1"," 49"," 1"," 20"," 10"," 1"
"source1"," 50"," 1"," 21"," 10"," 1"
"source1"," 51"," 1"," 22"," 10"," 1"
"source1"," 52"," 1"," 23"," 10"," 1"
"source1"," 49"," 1"," 39"," 10"," 1"
"source1"," 50"," 1"," 40"," 10"," 1"
"source1"," 51"," 1"," 41"," 10"," 1"
"source1"," 52"," 1"," 42"," 10"," 1"
"source1"," 49"," 1"," 58"," 10"," 1"
"source1"," 50"," 1"," 59"," 10"," 1"
"source1"," 51"," 1"," 60"," 10"," 1"
"source1"," 52"," 1"," 61"," 10"," 1"
"source1"," 49"," 1"," 77"," 10"," 1"
"source1"," 50"," 1"," 78"," 10"," 1"
"source1"," 51"," 1"," 79"," 10"," 1"
"source1"," 52"," 1"," 80"," 10"," 1"
"source1"," 53"," 1"," 5"," 10"," 1"
"source1"," 54"," 1"," 6"," 10"," 1"
"source1"," 55"," 1"," 7"," 10"," 1"
"source1"," 56"," 1"," 8"," 10"," 1"
"source1"," 53"," 1"," 24"," 10"," 1"
"source1"," 54"," 1"," 25"," 10"," 1"
"source1"," 55"," 1"," 26"," 10"," 1"
"source1"," 56"," 1"," 27"," 10"," 1"
"source1"," 53"," 1"," 43"," 10"," 1"
"source1"," 54"," 1"," 44"," 10"," 1"
"source1"," 55"," 1"," 45"," 10"," 1"
"source1"," 56"," 1"," 46"," 10"," 1"
"source1"," 53"," 1"," 62"," 10"," 1"
"source1"," 54"," 1"," 63"," 10"," 1"
"source1"," 55"," 1"," 64"," 10"," 1"
"source1"," 56"," 1"," 49"," 10"," 1"
"source1"," 53"," 1"," 65"," 10"," 1"
"source1"," 54"," 1"," 66"," 10"," 1"
"source1"," 55"," 1"," 67"," 10"," 1"
"source1"," 56"," 1"," 68"," 10"," 1"
"source1"," 57"," 1"," 9"," 10"," 1"
"source1"," 58"," 1"," 10"," 10"," 1"
"source1"," 59"," 1"," 11"," 10"," 1"
"source1"," 60"," 1"," 12"," 10"," 1"
"source1"," 57"," 1"," 28"," 10"," 1"
"source1"," 58"," 1"," 29"," 10"," 1"
"source1"," 59"," 1"," 30"," 10"," 1"
"source1"," 60"," 1"," 31"," 10"," 1"
"source1"," 57"," 1"," 47"," 10"," 1"
"source1"," 58"," 1"," 48"," 10"," 1"
"source1"," 59"," 1"," 33"," 10"," 1"
"source1"," 60"," 1"," 34"," 10"," 1"
"source1"," 57"," 1"," 50"," 10"," 1"
"source1"," 58"," 1"," 51"," 10"," 1"
"source1"," 59"," 1"," 52"," 10"," 1"
"source1"," 60"," 1"," 53"," 10"," 1"
"source1"," 57"," 1"," 69"," 10"," 1"
"source1"," 58"," 1"," 70"," 10"," 1"
"source1"," 59"," 1"," 71"," 10"," 1"
"source1"," 60"," 1"," 72"," 10"," 1"
"source1"," 61"," 1"," 13"," 10"," 1"
"source1"," 62"," 1"," 14"," 10"," 1"
"source1"," 63"," 1"," 15"," 10"," 1"
"source1"," 64"," 1"," 16"," 10"," 1"
"source1"," 61"," 1"," 32"," 10"," 1"
"source1"," 62"," 1"," 17"," 10"," 1"
"source1"," 63"," 1"," 18"," 10"," 1"
"source1"," 64"," 1"," 19"," 10"," 1"
"source1"," 61"," 1"," 35"," 10"," 1"
"source1"," 62"," 1"," 36"," 10"," 1"
"source1"," 63"," 1"," 37"," 10"," 1"
"source1"," 64"," 1"," 38"," 10"," 1"
"source1"," 61"," 1"," 54"," 10"," 1"
"source1"," 62"," 1"," 55"," 10"," 1"
"source1"," 63"," 1"," 56"," 10"," 1"
"source1"," 64"," 1"," 57"," 10"," 1"
"source1"," 61"," 1"," 73"," 10"," 1"
"source1"," 62"," 1"," 74"," 10"," 1"
"source1"," 63"," 1"," 75"," 10"," 1"
"source1"," 64"," 1"," 76"," 10"," 1"
"source1"," 65"," 1"," 1"," 10"," 1"
"source1"," 66"," 1"," 2"," 10"," 1"
"source1"," 67"," 1"," 3"," 10"," 1"
"source1"," 68"," 1"," 4"," 10"," 1"
"source1"," 65"," 1"," 21"," 10"," 1"
"source1"," 66"," 1"," 22"," 10"," 1"
"source1"," 67"," 1"," 23"," 10"," 1"
"source1"," 68"," 1"," 24"," 10"," 1"
"source1"," 65"," 1"," 41"," 10"," 1"
"source1"," 66"," 1"," 42"," 10"," 1"
"source1"," 67"," 1"," 43"," 10"," 1"
"source1"," 68"," 1"," 44"," 10"," 1"
"source1"," 65"," 1"," 61"," 10"," 1"
"source1"," 66"," 1"," 62"," 10"," 1"
"source1"," 67"," 1"," 63"," 10"," 1"
"source1"," 68"," 1"," 64"," 10"," 1"
"source1"," 65"," 1"," 65"," 10"," 1"
"source1"," 66"," 1"," 66"," 10"," 1"
"source1"," 67"," 1"," 67"," 10"," 1"
"source1"," 68"," 1"," 68"," 10"," 1"
"source1"," 69"," 1"," 5"," 10"," 1"
"source1"," 70"," 1"," 6"," 10"," 1"
"source1"," 71"," 1"," 7"," 10"," 1"
"source1"," 72"," 1"," 8"," 10"," 1"
"source1"," 69"," 1"," 25"," 10"," 1"
"source1"," 70"," 1"," 26"," 10"," 1"
"source1"," 71"," 1"," 27"," 10"," 1"
"source1"," 72"," 1"," 28"," 10"," 1"
"source1"," 69"," 1"," 45"," 10"," 1"
"source1"," 70"," 1"," 46"," 10"," 1"
"source1"," 71"," 1"," 47"," 10"," 1"
"source1"," 72"," 1"," 48"," 10"," 1"
"source1"," 69"," 1"," 49"," 10"," 1"
"source1"," 70"," 1"," 50"," 10"," 1"
"source1"," 71"," 1"," 51"," 10"," 1"
"source1"," 72"," 1"," 52"," 10"," 1"
"source1"," 69"," 1"," 69"," 10"," 1"
"source1"," 70"," 1"," 70"," 10"," 1"
"source1"," 71"," 1"," 71"," 10"," 1"
"source1"," 72"," 1"," 72"," 10"," 1"
"source1"," 73"," 1"," 9"," 10"," 1"
"source1"," 74"," 1"," 10"," 10"," 1"
"source1"," 75"," 1"," 11"," 10"," 1"
"source1"," 76"," 1"," 12"," 10"," 1"
"source1"," 73"," 1"," 29"," 10"," 1"
"source1"," 74"," 1"," 30"," 10"," 1"
"source1"," 75"," 1"," 31"," 10"," 1"
"source1"," 76"," 1"," 32"," 10"," 1"
"source1"," 73"," 1"," 33"," 10"," 1"
"source1"," 74"," 1"," 34"," 10"," 1"
"source1"," 75"," 1"," 35"," 10"," 1"
"source1"," 76"," 1"," 36"," 10"," 1"
"source1"," 73"," 1"," 53"," 10"," 1"
"source1"," 74"," 1"," 54"," 10"," 1"
"source1"," 75"," 1"," 55"," 10"," 1"
"source1"," 76"," 1"," 56"," 10"," 1"
"source1"," 73"," 1"," 73"," 10"," 1"
"source1"," 74"," 1"," 74"," 10"," 1"
"source1"," 75"," 1"," 75"," 10"," 1"
"source1"," 76"," 1"," 76"," 10"," 1"
"source1"," 77"," 1"," 13"," 10"," 1"
"source1"," 78"," 1"," 14"," 10"," 1"
"source1"," 79"," 1"," 15"," 10"," 1"
"source1"," 80"," 1"," 16"," 10"," 1"
"source1"," 77"," 1"," 17"," 10"," 1"
"source1"," 78"," 1"," 18"," 10"," 1"
"source1"," 79"," 1"," 19"," 10"," 1"
"source1"," 80"," 1"," 20"," 10"," 1"
"source1"," 77"," 1"," 37"," 10"," 1"
"source1"," 78"," 1"," 38"," 10"," 1"
"source1"," 79"," 1"," 39"," 10"," 1"
"source1"," 80"," 1"," 40"," 10"," 1"
"source1"," 77"," 1"," 57"," 10"," 1"
"source1"," 78"," 1"," 58"," 10"," 1"
"source1"," 79"," 1"," 59"," 10"," 1"
"source1"," 80"," 1"," 60"," 10"," 1"
"source1"," 77"," 1"," 77"," 10"," 1"
"source1"," 78"," 1"," 78"," 10"," 1"
"source1"," 79"," 1"," 79"," 10"," 1"
"source1"," 80"," 1"," 80"," 10"," 1"
"source1"," 81"," 1"," 1"," 10"," 1"
"source1"," 82"," 1"," 2"," 10"," 1"
"source1"," 83"," 1"," 3"," 10"," 1"
"source1"," 84"," 1"," 4"," 10"," 1"
"source1"," 81"," 1"," 22"," 10"," 1"
"source1"," 82"," 1"," 23"," 10"," 1"
"source1"," 83"," 1"," 24"," 10"," 1"
"source1"," 84"," 1"," 25"," 10"," 1"
"source1"," 81"," 1"," 43"," 10"," 1"
"source1"," 82"," 1"," 44"," 10"," 1"
"source1"," 83"," 1"," 45"," 10"," 1"
"source1"," 84"," 1"," 46"," 10"," 1"
"source1"," 81"," 1"," 64"," 10"," 1"
"source1"," 82"," 1"," 49"," 10"," 1"
"source1"," 83"," 1"," 50"," 10"," 1"
"source1"," 84"," 1"," 51"," 10"," 1"
"source1"," 81"," 1"," 69"," 10"," 1"
"source1"," 82"," 1"," 70"," 10"," 1"
"source1"," 83"," 1"," 71"," 10"," 1"
"source1"," 84"," 1"," 72"," 10"," 1"
"source1"," 85"," 1"," 5"," 10"," 1"
"source1"," 86"," 1"," 6"," 10"," 1"
"source1"," 87"," 1"," 7"," 10"," 1"
"source1"," 88"," 1"," 8"," 10"," 1"
"source1"," 85"," 1"," 26"," 10"," 1"
"source1"," 86"," 1"," 27"," 10"," 1"
"source1"," 87"," 1"," 28"," 10"," 1"
"source1"," 88"," 1"," 29"," 10"," 1"
"source1"," 85"," 1"," 47"," 10"," 1"
"source1"," 86"," 1"," 48"," 10"," 1"
"source1"," 87"," 1"," 33"," 10"," 1"
"source1"," 88"," 1"," 34"," 10"," 1"
"source1"," 85"," 1"," 52"," 10"," 1"
"source1"," 86"," 1"," 53"," 10"," 1"
"source1"," 87"," 1"," 54"," 10"," 1"
"source1"," 88"," 1"," 55"," 10"," 1"
"source1"," 85"," 1"," 73"," 10"," 1"
"source1"," 86"," 1"," 74"," 10"," 1"
"source1"," 87"," 1"," 75"," 10"," 1"
"source1"," 88"," 1"," 76"," 10"," 1"
"source1"," 89"," 1"," 9"," 10"," 1"
"source1"," 90"," 1"," 10"," 10"," 1"
"source1"," 91"," 1"," 11"," 10"," 1"
"source1"," 92"," 1"," 12"," 10"," 1"
"source1"," 89"," 1"," 30"," 10"," 1"
"source1"," 90"," 1"," 31"," 10"," 1"
"source1"," 91"," 1"," 32"," 10"," 1"
"source1"," 92"," 1"," 17"," 10"," 1"
"source1"," 89"," 1"," 35"," 10"," 1"
"source1"," 90"," 1"," 36"," 10"," 1"
"source1"," 91"," 1"," 37"," 10"," 1"
"source1"," 92"," 1"," 38"," 10"," 1"
"source1"," 89"," 1"," 56"," 10"," 1"
"source1"," 90"," 1"," 57"," 10"," 1"
"source1"," 91"," 1"," 58"," 10"," 1"
"source1"," 92"," 1"," 59"," 10"," 1"
"source1"," 89"," 1"," 77"," 10"," 1"
"source1"," 90"," 1"," 78"," 10"," 1"
"source1"," 91"," 1"," 79"," 10"," 1"
"source1"," 92"," 1"," 80"," 10"," 1"
"source1"," 93"," 1"," 13"," 10"," 1"
"source1"," 94"," 1"," 14"," 10"," 1"
"source1"," 95"," 1"," 15"," 10"," 1"
"source1"," 96"," 1"," 16"," 10"," 1"
"source1"," 93"," 1"," 18"," 10"," 1"
"source1"," 94"," 1"," 19"," 10"," 1"
"source1"," 95"," 1"," 20"," 10"," 1"
"source1"," 96"," 1"," 21"," 10"," 1"
"source1"," 93"," 1"," 39"," 10"," 1"
"source1"," 94"," 1"," 40"," 10"," 1"
"source1"," 95"," 1"," 41"," 10"," 1"
"source1"," 96"," 1"," 42"," 10"," 1"
"source1"," 93"," 1"," 60"," 10"," 1"
"source1"," 94"," 1"," 61"," 10"," 1"
"source1"," 95"," 1"," 62"," 10"," 1"
"source1"," 96"," 1"," 63"," 10"," 1"
"source1"," 93"," 1"," 65"," 10"," 1"
"source1"," 94"," 1"," 66"," 10"," 1"
"source1"," 95"," 1"," 67"," 10"," 1"
"source1"," 96"," 1"," 68"," 10"," 1"
"source2"," 1"," 1"," 1"," 10"," 2"
"source2"," 2"," 1"," 2"," 10"," 2"
"source2"," 3"," 1"," 3"," 10"," 2"
"source2"," 4"," 1"," 4"," 10"," 2"
"source2"," 1"," 1"," 23"," 10"," 2"
"source2"," 2"," 1"," 24"," 10"," 2"
"source2"," 3"," 1"," 25"," 10"," 2"
"source2"," 4"," 1"," 26"," 10"," 2"
"source2"," 1"," 1"," 45"," 10"," 2"
"source2"," 2"," 1"," 46"," 10"," 2"
"source2"," 3"," 1"," 47"," 10"," 2"
"source2"," 4"," 1"," 48"," 10"," 2"
"source2"," 1"," 1"," 51"," 10"," 2"
"source2"," 2"," 1"," 52"," 10"," 2"
"source2"," 3"," 1"," 53"," 10"," 2"
"source2"," 4"," 1"," 54"," 10"," 2"
"source2"," 1"," 1"," 73"," 10"," 2"
"source2"," 2"," 1"," 74"," 10"," 2"
"source2"," 3"," 1"," 75"," 10"," 2"
"source2"," 4"," 1"," 76"," 10"," 2"
"source2"," 5"," 1"," 5"," 10"," 2"
"source2"," 6"," 1"," 6"," 10"," 2"
"source2"," 7"," 1"," 7"," 10"," 2"
"source2"," 8"," 1"," 8"," 10"," 2"
"source2"," 5"," 1"," 27"," 10"," 2"
"source2"," 6"," 1"," 28"," 10"," 2"
"source2"," 7"," 1"," 29"," 10"," 2"
"source2"," 8"," 1"," 30"," 10"," 2"
"source2"," 5"," 1"," 33"," 10"," 2"
"source2"," 6"," 1"," 34"," 10"," 2"
"source2"," 7"," 1"," 35"," 10"," 2"
"source2"," 8"," 1"," 36"," 10"," 2"
"source2"," 5"," 1"," 55"," 10"," 2"
"source2"," 6"," 1"," 56"," 10"," 2"
"source2"," 7"," 1"," 57"," 10"," 2"
"source2"," 8"," 1"," 58"," 10"," 2"
"source2"," 5"," 1"," 77"," 10"," 2"
"source2"," 6"," 1"," 78"," 10"," 2"
"source2"," 7"," 1"," 79"," 10"," 2"
"source2"," 8"," 1"," 80"," 10"," 2"
"source2"," 9"," 1"," 9"," 10"," 2"
"source2"," 10"," 1"," 10"," 10"," 2"
"source2"," 11"," 1"," 11"," 10"," 2"
"source2"," 12"," 1"," 12"," 10"," 2"
"source2"," 9"," 1"," 31"," 10"," 2"
"source2"," 10"," 1"," 32"," 10"," 2"
"source2"," 11"," 1"," 17"," 10"," 2"
"source2"," 12"," 1"," 18"," 10"," 2"
"source2"," 9"," 1"," 37"," 10"," 2"
"source2"," 10"," 1"," 38"," 10"," 2"
"source2"," 11"," 1"," 39"," 10"," 2"
"source2"," 12"," 1"," 40"," 10"," 2"
"source2"," 9"," 1"," 59"," 10"," 2"
"source2"," 10"," 1"," 60"," 10"," 2"
"source2"," 11"," 1"," 61"," 10"," 2"
"source2"," 12"," 1"," 62"," 10"," 2"
"source2"," 9"," 1"," 65"," 10"," 2"
"source2"," 10"," 1"," 66"," 10"," 2"
"source2"," 11"," 1"," 67"," 10"," 2"
"source2"," 12"," 1"," 68"," 10"," 2"
"source2"," 13"," 1"," 13"," 10"," 2"
"source2"," 14"," 1"," 14"," 10"," 2"
"source2"," 15"," 1"," 15"," 10"," 2"
"source2"," 16"," 1"," 16"," 10"," 2"
"source2"," 13"," 1"," 19"," 10"," 2"
"source2"," 14"," 1"," 20"," 10"," 2"
"source2"," 15"," 1"," 21"," 10"," 2"
"source2"," 16"," 1"," 22"," 10"," 2"
"source2"," 13"," 1"," 41"," 10"," 2"
"source2"," 14"," 1"," 42"," 10"," 2"
"source2"," 15"," 1"," 43"," 10"," 2"
"source2"," 16"," 1"," 44"," 10"," 2"
"source2"," 13"," 1"," 63"," 10"," 2"
"source2"," 14"," 1"," 64"," 10"," 2"
"source2"," 15"," 1"," 49"," 10"," 2"
"source2"," 16"," 1"," 50"," 10"," 2"
"source2"," 13"," 1"," 69"," 10"," 2"
"source2"," 14"," 1"," 70"," 10"," 2"
"source2"," 15"," 1"," 71"," 10"," 2"
"source2"," 16"," 1"," 72"," 10"," 2"
"source2"," 17"," 1"," 1"," 10"," 2"
"source2"," 18"," 1"," 2"," 10"," 2"
"source2"," 19"," 1"," 3"," 10"," 2"
"source2"," 20"," 1"," 4"," 10"," 2"
"source2"," 17"," 1"," 24"," 10"," 2"
"source2"," 18"," 1"," 25"," 10"," 2"
"source2"," 19"," 1"," 26"," 10"," 2"
"source2"," 20"," 1"," 27"," 10"," 2"
"source2"," 17"," 1"," 47"," 10"," 2"
"source2"," 18"," 1"," 48"," 10"," 2"
"source2"," 19"," 1"," 33"," 10"," 2"
"source2"," 20"," 1"," 34"," 10"," 2"
"source2"," 17"," 1"," 54"," 10"," 2"
"source2"," 18"," 1"," 55"," 10"," 2"
"source2"," 19"," 1"," 56"," 10"," 2"
"source2"," 20"," 1"," 57"," 10"," 2"
"source2"," 17"," 1"," 77"," 10"," 2"
"source2"," 18"," 1"," 78"," 10"," 2"
"source2"," 19"," 1"," 79"," 10"," 2"
"source2"," 20"," 1"," 80"," 10"," 2"
"source2"," 21"," 1"," 5"," 10"," 2"
"source2"," 22"," 1"," 6"," 10"," 2"
"source2"," 23"," 1"," 7"," 10"," 2"
"source2"," 24"," 1"," 8"," 10"," 2"
"source2"," 21"," 1"," 28"," 10"," 2"
"source2"," 22"," 1"," 29"," 10"," 2"
"source2"," 23"," 1"," 30"," 10"," 2"
"source2"," 24"," 1"," 31"," 10"," 2"
"source2"," 21"," 1"," 35"," 10"," 2"
"source2"," 22"," 1"," 36"," 10"," 2"
"source2"," 23"," 1"," 37"," 10"," 2"
"source2"," 24"," 1"," 38"," 10"," 2"
"source2"," 21"," 1"," 58"," 10"," 2"
"source2"," 22"," 1"," 59"," 10"," 2"
"source2"," 23"," 1"," 60"," 10"," 2"
"source2"," 24"," 1"," 61"," 10"," 2"
"source2"," 21"," 1"," 65"," 10"," 2"
"source2"," 22"," 1"," 66"," 10"," 2"
"source2"," 23"," 1"," 67"," 10"," 2"
"source2"," 24"," 1"," 68"," 10"," 2"
"source2"," 25"," 1"," 9"," 10"," 2"
"source2"," 26"," 1"," 10"," 10"," 2"
"source2"," 27"," 1"," 11"," 10"," 2"
"source2"," 28"," 1"," 12"," 10"," 2"
"source2"," 25"," 1"," 32"," 10"," 2"
"source2"," 26"," 1"," 17"," 10"," 2"
"source2"," 27"," 1"," 18"," 10"," 2"
"source2"," 28"," 1"," 19"," 10"," 2"
"source2"," 25"," 1"," 39"," 10"," 2"
"source2"," 26"," 1"," 40"," 10"," 2"
"source2"," 27"," 1"," 41"," 10"," 2"
"source2"," 28"," 1"," 42"," 10"," 2"
"source2"," 25"," 1"," 62"," 10"," 2"
"source2"," 26"," 1"," 63"," 10"," 2"
"source2"," 27"," 1"," 64"," 10"," 2"
"source2"," 28"," 1"," 49"," 10"," 2"
"source2"," 25"," 1"," 69"," 10"," 2"
"source2"," 26"," 1"," 70"," 10"," 2"
"source2"," 27"," 1"," 71"," 10"," 2"
"source2"," 28"," 1"," 72"," 10"," 2"
"source2"," 29"," 1"," 13"," 10"," 2"
"source2"," 30"," 1"," 14"," 10"," 2"
"source2"," 31"," 1"," 15"," 10"," 2"
"source2"," 32"," 1"," 16"," 10"," 2"
"source2"," 29"," 1"," 20"," 10"," 2"
"source2"," 30"," 1"," 21"," 10"," 2"
"source2"," 31"," 1"," 22"," 10"," 2"
"source2"," 32"," 1"," 23"," 10"," 2"
"source2"," 29"," 1"," 43"," 10"," 2"
"source2"," 30"," 1"," 44"," 10"," 2"
"source2"," 31"," 1"," 45"," 10"," 2"
"source2"," 32"," 1"," 46"," 10"," 2"
"source2"," 29"," 1"," 50"," 10"," 2"
"source2"," 30"," 1"," 51"," 10"," 2"
"source2"," 31"," 1"," 52"," 10"," 2"
"source2"," 32"," 1"," 53"," 10"," 2"
"source2"," 29"," 1"," 73"," 10"," 2"
"source2"," 30"," 1"," 74"," 10"," 2"
"source2"," 31"," 1"," 75"," 10"," 2"
"source2"," 32"," 1"," 76"," 10"," 2"
"source2"," 33"," 1"," 1"," 10"," 2"
"source2"," 34"," 1"," 2"," 10"," 2"
"source2"," 35"," 1"," 3"," 10"," 2"
"source2"," 36"," 1"," 4"," 10"," 2"
"source2"," 33"," 1"," 25"," 10"," 2"
"source2"," 34"," 1"," 26"," 10"," 2"
"source2"," 35"," 1"," 27"," 10"," 2"
"source2"," 36"," 1"," 28"," 10"," 2"
"source2"," 33"," 1"," 33"," 10"," 2"
"source2"," 34"," 1"," 34"," 10"," 2"
"source2"," 35"," 1"," 35"," 10"," 2"
"source2"," 36"," 1"," 36"," 10"," 2"
"source2"," 33"," 1"," 57"," 10"," 2"
"source2"," 34"," 1"," 58"," 10"," 2"
"source2"," 35"," 1"," 59"," 10"," 2"
"source2"," 36"," 1"," 60"," 10"," 2"
"source2"," 33"," 1"," 65"," 10"," 2"
"source2"," 34"," 1"," 66"," 10"," 2"
"source2"," 35"," 1"," 67"," 10"," 2"
"source2"," 36"," 1"," 68"," 10"," 2"
"source2"," 37"," 1"," 5"," 10"," 2"
"source2"," 38"," 1"," 6"," 10"," 2"
"source2"," 39"," 1"," 7"," 10"," 2"
"source2"," 40"," 1"," 8"," 10"," 2"
"source2"," 37"," 1"," 29"," 10"," 2"
"source2"," 38"," 1"," 30"," 10"," 2"
"source2"," 39"," 1"," 31"," 10"," 2"
"source2"," 40"," 1"," 32"," 10"," 2"
"source2"," 37"," 1"," 37"," 10"," 2"
"source2"," 38"," 1"," 38"," 10"," 2"
"source2"," 39"," 1"," 39"," 10"," 2"
"source2"," 40"," 1"," 40"," 10"," 2"
"source2"," 37"," 1"," 61"," 10"," 2"
"source2"," 38"," 1"," 62"," 10"," 2"
"source2"," 39"," 1"," 63"," 10"," 2"
"source2"," 40"," 1"," 64"," 10"," 2"
"source2"," 37"," 1"," 69"," 10"," 2"
"source2"," 38"," 1"," 70"," 10"," 2"
"source2"," 39"," 1"," 71"," 10"," 2"
"source2"," 40"," 1"," 72"," 10"," 2"
"source2"," 41"," 1"," 9"," 10"," 2"
"source2"," 42"," 1"," 10"," 10"," 2"
"source2"," 43"," 1"," 11"," 10"," 2"
"source2"," 44"," 1"," 12"," 10"," 2"
"source2"," 41"," 1"," 17"," 10"," 2"
"source2"," 42"," 1"," 18"," 10"," 2"
"source2"," 43"," 1"," 19"," 10"," 2"
"source2"," 44"," 1"," 20"," 10"," 2"
"source2"," 41"," 1"," 41"," 10"," 2"
"source2"," 42"," 1"," 42"," 10"," 2"
"source2"," 43"," 1"," 43"," 10"," 2"
"source2"," 44"," 1"," 44"," 10"," 2"
"source2"," 41"," 1"," 49"," 10"," 2"
"source2"," 42"," 1"," 50"," 10"," 2"
"source2"," 43"," 1"," 51"," 10"," 2"
"source2"," 44"," 1"," 52"," 10"," 2"
"source2"," 41"," 1"," 73"," 10"," 2"
"source2"," 42"," 1"," 74"," 10"," 2"
"source2"," 43"," 1"," 75"," 10"," 2"
"source2"," 44"," 1"," 76"," 10"," 2"
"source2"," 45"," 1"," 13"," 10"," 2"
"source2"," 46"," 1"," 14"," 10"," 2"
"source2"," 47"," 1"," 15"," 10"," 2"
"source2"," 48"," 1"," 16"," 10"," 2"
"source2"," 45"," 1"," 21"," 10"," 2"
"source2"," 46"," 1"," 22"," 10"," 2"
"source2"," 47"," 1"," 23"," 10"," 2"
"source2"," 48"," 1"," 24"," 10"," 2"
"source2"," 45"," 1"," 45"," 10"," 2"
"source2"," 46"," 1"," 46"," 10"," 2"
"source2"," 47"," 1"," 47"," 10"," 2"
"source2"," 48"," 1"," 48"," 10"," 2"
"source2"," 45"," 1"," 53"," 10"," 2"
"source2"," 46"," 1"," 54"," 10"," 2"
"source2"," 47"," 1"," 55"," 10"," 2"
"source2"," 48"," 1"," 56"," 10"," 2"
"source2"," 45"," 1"," 77"," 10"," 2"
"source2"," 46"," 1"," 78"," 10"," 2"
"source2"," 47"," 1"," 79"," 10"," 2"
"source2"," 48"," 1"," 80"," 10"," 2"
"source2"," 49"," 1"," 1"," 10"," 2"
"source2"," 50"," 1"," 2"," 10"," 2"
"source2"," 51"," 1"," 3"," 10"," 2"
"source2"," 52"," 1"," 4"," 10"," 2"
"source2"," 49"," 1"," 26"," 10"," 2"
"source2"," 50"," 1"," 27"," 10"," 2"
"source2"," 51"," 1"," 28"," 10"," 2"
"source2"," 52"," 1"," 29"," 10"," 2"
"source2"," 49"," 1"," 35"," 10"," 2"
"source2"," 50"," 1"," 36"," 10"," 2"
"source2"," 51"," 1"," 37"," 10"," 2"
"source2"," 52"," 1"," 38"," 10"," 2"
"source2"," 49"," 1"," 60"," 10"," 2"
"source2"," 50"," 1"," 61"," 10"," 2"
"source2"," 51"," 1"," 62"," 10"," 2"
"source2"," 52"," 1"," 63"," 10"," 2"
"source2"," 49"," 1"," 69"," 10"," 2"
"source2"," 50"," 1"," 70"," 10"," 2"
"source2"," 51"," 1"," 71"," 10"," 2"
"source2"," 52"," 1"," 72"," 10"," 2"
"source2"," 53"," 1"," 5"," 10"," 2"
"source2"," 54"," 1"," 6"," 10"," 2"
"source2"," 55"," 1"," 7"," 10"," 2"
"source2"," 56"," 1"," 8"," 10"," 2"
"source2"," 53"," 1"," 30"," 10"," 2"
"source2"," 54"," 1"," 31"," 10"," 2"
"source2"," 55"," 1"," 32"," 10"," 2"
"source2"," 56"," 1"," 17"," 10"," 2"
"source2"," 53"," 1"," 39"," 10"," 2"
"source2"," 54"," 1"," 40"," 10"," 2"
"source2"," 55"," 1"," 41"," 10"," 2"
"source2"," 56"," 1"," 42"," 10"," 2"
"source2"," 53"," 1"," 64"," 10"," 2"
"source2"," 54"," 1"," 49"," 10"," 2"
"source2"," 55"," 1"," 50"," 10"," 2"
"source2"," 56"," 1"," 51"," 10"," 2"
"source2"," 53"," 1"," 73"," 10"," 2"
"source2"," 54"," 1"," 74"," 10"," 2"
"source2"," 55"," 1"," 75"," 10"," 2"
"source2"," 56"," 1"," 76"," 10"," 2"
"source2"," 57"," 1"," 9"," 10"," 2"
"source2"," 58"," 1"," 10"," 10"," 2"
"source2"," 59"," 1"," 11"," 10"," 2"
"source2"," 60"," 1"," 12"," 10"," 2"
"source2"," 57"," 1"," 18"," 10"," 2"
"source2"," 58"," 1"," 19"," 10"," 2"
"source2"," 59"," 1"," 20"," 10"," 2"
"source2"," 60"," 1"," 21"," 10"," 2"
"source2"," 57"," 1"," 43"," 10"," 2"
"source2"," 58"," 1"," 44"," 10"," 2"
"source2"," 59"," 1"," 45"," 10"," 2"
"source2"," 60"," 1"," 46"," 10"," 2"
"source2"," 57"," 1"," 52"," 10"," 2"
"source2"," 58"," 1"," 53"," 10"," 2"
"source2"," 59"," 1"," 54"," 10"," 2"
"source2"," 60"," 1"," 55"," 10"," 2"
"source2"," 57"," 1"," 77"," 10"," 2"
"source2"," 58"," 1"," 78"," 10"," 2"
"source2"," 59"," 1"," 79"," 10"," 2"
"source2"," 60"," 1"," 80"," 10"," 2"
"source2"," 61"," 1"," 13"," 10"," 2"
"source2"," 62"," 1"," 14"," 10"," 2"
"source2"," 63"," 1"," 15"," 10"," 2"
"source2"," 64"," 1"," 16"," 10"," 2"
"source2"," 61"," 1"," 22"," 10"," 2"
"source2"," 62"," 1"," 23"," 10"," 2"
"source2"," 63"," 1"," 24"," 10"," 2"
"source2"," 64"," 1"," 25"," 10"," 2"
"source2"," 61"," 1"," 47"," 10"," 2"
"source2"," 62"," 1"," 48"," 10"," 2"
"source2"," 63"," 1"," 33"," 10"," 2"
"source2"," 64"," 1"," 34"," 10"," 2"
"source2"," 61"," 1"," 56"," 10"," 2"
"source2"," 62"," 1"," 57"," 10"," 2"
"source2"," 63"," 1"," 58"," 10"," 2"
"source2"," 64"," 1"," 59"," 10"," 2"
"source2"," 61"," 1"," 65"," 10"," 2"
"source2"," 62"," 1"," 66"," 10"," 2"
"source2"," 63"," 1"," 67"," 10"," 2"
"source2"," 64"," 1"," 68"," 10"," 2"
"source2"," 65"," 1"," 1"," 10"," 2"
"source2"," 66"," 1"," 2"," 10"," 2"
"source2"," 67"," 1"," 3"," 10"," 2"
"source2"," 68"," 1"," 4"," 10"," 2"
"source2"," 65"," 1"," 27"," 10"," 2"
"source2"," 66"," 1"," 28"," 10"," 2"
"source2"," 67"," 1"," 29"," 10"," 2"
"source2"," 68"," 1"," 30"," 10"," 2"
"source2"," 65"," 1"," 37"," 10"," 2"
"source2"," 66"," 1"," 38"," 10"," 2"
"source2"," 67"," 1"," 39"," 10"," 2"
"source2"," 68"," 1"," 40"," 10"," 2"
"source2"," 65"," 1"," 63"," 10"," 2"
"source2"," 66"," 1"," 64"," 10"," 2"
"source2"," 67"," 1"," 49"," 10"," 2"
"source2"," 68"," 1"," 50"," 10"," 2"
"source2"," 65"," 1"," 73"," 10"," 2"
"source2"," 66"," 1"," 74"," 10"," 2"
"source2"," 67"," 1"," 75"," 10"," 2"
"source2"," 68"," 1"," 76"," 10"," 2"
"source2"," 69"," 1"," 5"," 10"," 2"
"source2"," 70"," 1"," 6"," 10"," 2"
"source2"," 71"," 1"," 7"," 10"," 2"
"source2"," 72"," 1"," 8"," 10"," 2"
"source2"," 69"," 1"," 31"," 10"," 2"
"source2"," 70"," 1"," 32"," 10"," 2"
"source2"," 71"," 1"," 17"," 10"," 2"
"source2"," 72"," 1"," 18"," 10"," 2"
"source2"," 69"," 1"," 41"," 10"," 2"
"source2"," 70"," 1"," 42"," 10"," 2"
"source2"," 71"," 1"," 43"," 10"," 2"
"source2"," 72"," 1"," 44"," 10"," 2"
"source2"," 69"," 1"," 51"," 10"," 2"
"source2"," 70"," 1"," 52"," 10"," 2"
"source2"," 71"," 1"," 53"," 10"," 2"
"source2"," 72"," 1"," 54"," 10"," 2"
"source2"," 69"," 1"," 77"," 10"," 2"
"source2"," 70"," 1"," 78"," 10"," 2"
"source2"," 71"," 1"," 79"," 10"," 2"
"source2"," 72"," 1"," 80"," 10"," 2"
"source2"," 73"," 1"," 9"," 10"," 2"
"source2"," 74"," 1"," 10"," 10"," 2"
"source2"," 75"," 1"," 11"," 10"," 2"
"source2"," 76"," 1"," 12"," 10"," 2"
"source2"," 73"," 1"," 19"," 10"," 2"
"source2"," 74"," 1"," 20"," 10"," 2"
"source2"," 75"," 1"," 21"," 10"," 2"
"source2"," 76"," 1"," 22"," 10"," 2"
"source2"," 73"," 1"," 45"," 10"," 2"
"source2"," 74"," 1"," 46"," 10"," 2"
"source2"," 75"," 1"," 47"," 10"," 2"
"source2"," 76"," 1"," 48"," 10"," 2"
"source2"," 73"," 1"," 55"," 10"," 2"
"source2"," 74"," 1"," 56"," 10"," 2"
"source2"," 75"," 1"," 57"," 10"," 2"
"source2"," 76"," 1"," 58"," 10"," 2"
"source2"," 73"," 1"," 65"," 10"," 2"
"source2"," 74"," 1"," 66"," 10"," 2"
"source2"," 75"," 1"," 67"," 10"," 2"
"source2"," 76"," 1"," 68"," 10"," 2"
"source2"," 77"," 1"," 13"," 10"," 2"
"source2"," 78"," 1"," 14"," 10"," 2"
"source2"," 79"," 1"," 15"," 10"," 2"
"source2"," 80"," 1"," 16"," 10"," 2"
"source2"," 77"," 1"," 23"," 10"," 2"
"source2"," 78"," 1"," 24"," 10"," 2"
"source2"," 79"," 1"," 25"," 10"," 2"
"source2"," 80"," 1"," 26"," 10"," 2"
"source2"," 77"," 1"," 33"," 10"," 2"
"source2"," 78"," 1"," 34"," 10"," 2"
"source2"," 79"," 1"," 35"," 10"," 2"
"source2"," 80"," 1"," 36"," 10"," 2"
"source2"," 77"," 1"," 59"," 10"," 2"
"source2"," 78"," 1"," 60"," 10"," 2"
"source2"," 79"," 1"," 61"," 10"," 2"
"source2"," 80"," 1"," 62"," 10"," 2"
"source2"," 77"," 1"," 69"," 10"," 2"
"source2"," 78"," 1"," 70"," 10"," 2"
"source2"," 79"," 1"," 71"," 10"," 2"
"source2"," 80"," 1"," 72"," 10"," 2"
"source2"," 81"," 1"," 1"," 10"," 2"
"source2"," 82"," 1"," 2"," 10"," 2"
"source2"," 83"," 1"," 3"," 10"," 2"
"source2"," 84"," 1"," 4"," 10"," 2"
"source2"," 81"," 1"," 28"," 10"," 2"
"source2"," 82"," 1"," 29"," 10"," 2"
"source2"," 83"," 1"," 30"," 10"," 2"
"source2"," 84"," 1"," 31"," 10"," 2"
"source2"," 81"," 1"," 39"," 10"," 2"
"source2"," 82"," 1"," 40"," 10"," 2"
"source2"," 83"," 1"," 41"," 10"," 2"
"source2"," 84"," 1"," 42"," 10"," 2"
"source2"," 81"," 1"," 50"," 10"," 2"
"source2"," 82"," 1"," 51"," 10"," 2"
"source2"," 83"," 1"," 52"," 10"," 2"
"source2"," 84"," 1"," 53"," 10"," 2"
"source2"," 81"," 1"," 77"," 10"," 2"
"source2"," 82"," 1"," 78"," 10"," 2"
"source2"," 83"," 1"," 79"," 10"," 2"
"source2"," 84"," 1"," 80"," 10"," 2"
"source2"," 85"," 1"," 5"," 10"," 2"
"source2"," 86"," 1"," 6"," 10"," 2"
"source2"," 87"," 1"," 7"," 10"," 2"
"source2"," 88"," 1"," 8"," 10"," 2"
"source2"," 85"," 1"," 32"," 10"," 2"
"source2"," 86"," 1"," 17"," 10"," 2"
"source2"," 87"," 1"," 18"," 10"," 2"
"source2"," 88"," 1"," 19"," 10"," 2"
"source2"," 85"," 1"," 43"," 10"," 2"
"source2"," 86"," 1"," 44"," 10"," 2"
"source2"," 87"," 1"," 45"," 10"," 2"
"source2"," 88"," 1"," 46"," 10"," 2"
"source2"," 85"," 1"," 54"," 10"," 2"
"source2"," 86"," 1"," 55"," 10"," 2"
"source2"," 87"," 1"," 56"," 10"," 2"
"source2"," 88"," 1"," 57"," 10"," 2"
"source2"," 85"," 1"," 65"," 10"," 2"
"source2"," 86"," 1"," 66"," 10"," 2"
"source2"," 87"," 1"," 67"," 10"," 2"
"source2"," 88"," 1"," 68"," 10"," 2"
"source2"," 89"," 1"," 9"," 10"," 2"
"source2"," 90"," 1"," 10"," 10"," 2"
"source2"," 91"," 1"," 11"," 10"," 2"
"source2"," 92"," 1"," 12"," 10"," 2"
"source2"," 89"," 1"," 20"," 10"," 2"
"source2"," 90"," 1"," 21"," 10"," 2"
"source2"," 91"," 1"," 22"," 10"," 2"
"source2"," 92"," 1"," 23"," 10"," 2"
"source2"," 89"," 1"," 47"," 10"," 2"
"source2"," 90"," 1"," 48"," 10"," 2"
"source2"," 91"," 1"," 33"," 10"," 2"
"source2"," 92"," 1"," 34"," 10"," 2"
"source2"," 89"," 1"," 58"," 10"," 2"
"source2"," 90"," 1"," 59"," 10"," 2"
"source2"," 91"," 1"," 60"," 10"," 2"
"source2"," 92"," 1"," 61"," 10"," 2"
"source2"," 89"," 1"," 69"," 10"," 2"
"source2"," 90"," 1"," 70"," 10"," 2"
"source2"," 91"," 1"," 71"," 10"," 2"
"source2"," 92"," 1"," 72"," 10"," 2"
"source2"," 93"," 1"," 13"," 10"," 2"
"source2"," 94"," 1"," 14"," 10"," 2"
"source2"," 95"," 1"," 15"," 10"," 2"
"source2"," 96"," 1"," 16"," 10"," 2"
"source2"," 93"," 1"," 24"," 10"," 2"
"source2"," 94"," 1"," 25"," 10"," 2"
"source2"," 95"," 1"," 26"," 10"," 2"
"source2"," 96"," 1"," 27"," 10"," 2"
"source2"," 93"," 1"," 35"," 10"," 2"
"source2"," 94"," 1"," 36"," 10"," 2"
"source2"," 95"," 1"," 37"," 10"," 2"
"source2"," 96"," 1"," 38"," 10"," 2"
"source2"," 93"," 1"," 62"," 10"," 2"
"source2"," 94"," 1"," 63"," 10"," 2"
"source2"," 95"," 1"," 64"," 10"," 2"
"source2"," 96"," 1"," 49"," 10"," 2"
"source2"," 93"," 1"," 73"," 10"," 2"
"source2"," 94"," 1"," 74"," 10"," 2"
"source2"," 95"," 1"," 75"," 10"," 2"
"source2"," 96"," 1"," 76"," 10"," 2"
"source3"," 1"," 1"," 1"," 10"," 3"
"source3"," 2"," 1"," 2"," 10"," 3"
"source3"," 3"," 1"," 3"," 10"," 3"
"source3"," 4"," 1"," 4"," 10"," 3"
"source3"," 1"," 1"," 29"," 10"," 3"
"source3"," 2"," 1"," 30"," 10"," 3"
"source3"," 3"," 1"," 31"," 10"," 3"
"source3"," 4"," 1"," 32"," 10"," 3"
"source3"," 1"," 1"," 41"," 10"," 3"
"source3"," 2"," 1"," 42"," 10"," 3"
"source3"," 3"," 1"," 43"," 10"," 3"
"source3"," 4"," 1"," 44"," 10"," 3"
"source3"," 1"," 1"," 53"," 10"," 3"
"source3"," 2"," 1"," 54"," 10"," 3"
"source3"," 3"," 1"," 55"," 10"," 3"
"source3"," 4"," 1"," 56"," 10"," 3"
"source3"," 1"," 1"," 65"," 10"," 3"
"source3"," 2"," 1"," 66"," 10"," 3"
"source3"," 3"," 1"," 67"," 10"," 3"
"source3"," 4"," 1"," 68"," 10"," 3"
"source3"," 5"," 1"," 5"," 10"," 3"
"source3"," 6"," 1"," 6"," 10"," 3"
"source3"," 7"," 1"," 7"," 10"," 3"
"source3"," 8"," 1"," 8"," 10"," 3"
"source3"," 5"," 1"," 17"," 10"," 3"
"source3"," 6"," 1"," 18"," 10"," 3"
"source3"," 7"," 1"," 19"," 10"," 3"
"source3"," 8"," 1"," 20"," 10"," 3"
"source3"," 5"," 1"," 45"," 10"," 3"
"source3"," 6"," 1"," 46"," 10"," 3"
"source3"," 7"," 1"," 47"," 10"," 3"
"source3"," 8"," 1"," 48"," 10"," 3"
"source3"," 5"," 1"," 57"," 10"," 3"
"source3"," 6"," 1"," 58"," 10"," 3"
"source3"," 7"," 1"," 59"," 10"," 3"
"source3"," 8"," 1"," 60"," 10"," 3"
"source3"," 5"," 1"," 69"," 10"," 3"
"source3"," 6"," 1"," 70"," 10"," 3"
"source3"," 7"," 1"," 71"," 10"," 3"
"source3"," 8"," 1"," 72"," 10"," 3"
"source3"," 9"," 1"," 9"," 10"," 3"
"source3"," 10"," 1"," 10"," 10"," 3"
"source3"," 11"," 1"," 11"," 10"," 3"
"source3"," 12"," 1"," 12"," 10"," 3"
"source3"," 9"," 1"," 21"," 10"," 3"
"source3"," 10"," 1"," 22"," 10"," 3"
"source3"," 11"," 1"," 23"," 10"," 3"
"source3"," 12"," 1"," 24"," 10"," 3"
"source3"," 9"," 1"," 33"," 10"," 3"
"source3"," 10"," 1"," 34"," 10"," 3"
"source3"," 11"," 1"," 35"," 10"," 3"
"source3"," 12"," 1"," 36"," 10"," 3"
"source3"," 9"," 1"," 61"," 10"," 3"
"source3"," 10"," 1"," 62"," 10"," 3"
"source3"," 11"," 1"," 63"," 10"," 3"
"source3"," 12"," 1"," 64"," 10"," 3"
"source3"," 9"," 1"," 73"," 10"," 3"
"source3"," 10"," 1"," 74"," 10"," 3"
"source3"," 11"," 1"," 75"," 10"," 3"
"source3"," 12"," 1"," 76"," 10"," 3"
"source3"," 13"," 1"," 13"," 10"," 3"
"source3"," 14"," 1"," 14"," 10"," 3"
"source3"," 15"," 1"," 15"," 10"," 3"
"source3"," 16"," 1"," 16"," 10"," 3"
"source3"," 13"," 1"," 25"," 10"," 3"
"source3"," 14"," 1"," 26"," 10"," 3"
"source3"," 15"," 1"," 27"," 10"," 3"
"source3"," 16"," 1"," 28"," 10"," 3"
"source3"," 13"," 1"," 37"," 10"," 3"
"source3"," 14"," 1"," 38"," 10"," 3"
"source3"," 15"," 1"," 39"," 10"," 3"
"source3"," 16"," 1"," 40"," 10"," 3"
"source3"," 13"," 1"," 49"," 10"," 3"
"source3"," 14"," 1"," 50"," 10"," 3"
"source3"," 15"," 1"," 51"," 10"," 3"
"source3"," 16"," 1"," 52"," 10"," 3"
"source3"," 13"," 1"," 77"," 10"," 3"
"source3"," 14"," 1"," 78"," 10"," 3"
"source3"," 15"," 1"," 79"," 10"," 3"
"source3"," 16"," 1"," 80"," 10"," 3"
"source3"," 17"," 1"," 1"," 10"," 3"
"source3"," 18"," 1"," 2"," 10"," 3"
"source3"," 19"," 1"," 3"," 10"," 3"
"source3"," 20"," 1"," 4"," 10"," 3"
"source3"," 17"," 1"," 30"," 10"," 3"
"source3"," 18"," 1"," 31"," 10"," 3"
"source3"," 19"," 1"," 32"," 10"," 3"
"source3"," 20"," 1"," 17"," 10"," 3"
"source3"," 17"," 1"," 43"," 10"," 3"
"source3"," 18"," 1"," 44"," 10"," 3"
"source3"," 19"," 1"," 45"," 10"," 3"
"source3"," 20"," 1"," 46"," 10"," 3"
"source3"," 17"," 1"," 56"," 10"," 3"
"source3"," 18"," 1"," 57"," 10"," 3"
"source3"," 19"," 1"," 58"," 10"," 3"
"source3"," 20"," 1"," 59"," 10"," 3"
"source3"," 17"," 1"," 69"," 10"," 3"
"source3"," 18"," 1"," 70"," 10"," 3"
"source3"," 19"," 1"," 71"," 10"," 3"
"source3"," 20"," 1"," 72"," 10"," 3"
"source3"," 21"," 1"," 5"," 10"," 3"
"source3"," 22"," 1"," 6"," 10"," 3"
"source3"," 23"," 1"," 7"," 10"," 3"
"source3"," 24"," 1"," 8"," 10"," 3"
"source3"," 21"," 1"," 18"," 10"," 3"
"source3"," 22"," 1"," 19"," 10"," 3"
"source3"," 23"," 1"," 20"," 10"," 3"
"source3"," 24"," 1"," 21"," 10"," 3"
"source3"," 21"," 1"," 47"," 10"," 3"
"source3"," 22"," 1"," 48"," 10"," 3"
"source3"," 23"," 1"," 33"," 10"," 3"
"source3"," 24"," 1"," 34"," 10"," 3"
"source3"," 21"," 1"," 60"," 10"," 3"
"source3"," 22"," 1"," 61"," 10"," 3"
"source3"," 23"," 1"," 62"," 10"," 3"
"source3"," 24"," 1"," 63"," 10"," 3"
"source3"," 21"," 1"," 73"," 10"," 3"
"source3"," 22"," 1"," 74"," 10"," 3"
"source3"," 23"," 1"," 75"," 10"," 3"
"source3"," 24"," 1"," 76"," 10"," 3"
"source3"," 25"," 1"," 9"," 10"," 3"
"source3"," 26"," 1"," 10"," 10"," 3"
"source3"," 27"," 1"," 11"," 10"," 3"
"source3"," 28"," 1"," 12"," 10"," 3"
"source3"," 25"," 1"," 22"," 10"," 3"
"source3"," 26"," 1"," 23"," 10"," 3"
"source3"," 27"," 1"," 24"," 10"," 3"
"source3"," 28"," 1"," 25"," 10"," 3"
"source3"," 25"," 1"," 35"," 10"," 3"
"source3"," 26"," 1"," 36"," 10"," 3"
"source3"," 27"," 1"," 37"," 10"," 3"
"source3"," 28"," 1"," 38"," 10"," 3"
"source3"," 25"," 1"," 64"," 10"," 3"
"source3"," 26"," 1"," 49"," 10"," 3"
"source3"," 27"," 1"," 50"," 10"," 3"
"source3"," 28"," 1"," 51"," 10"," 3"
"source3"," 25"," 1"," 77"," 10"," 3"
"source3"," 26"," 1"," 78"," 10"," 3"
"source3"," 27"," 1"," 79"," 10"," 3"
"source3"," 28"," 1"," 80"," 10"," 3"
"source3"," 29"," 1"," 13"," 10"," 3"
"source3"," 30"," 1"," 14"," 10"," 3"
"source3"," 31"," 1"," 15"," 10"," 3"
"source3"," 32"," 1"," 16"," 10"," 3"
"source3"," 29"," 1"," 26"," 10"," 3"
"source3"," 30"," 1"," 27"," 10"," 3"
"source3"," 31"," 1"," 28"," 10"," 3"
"source3"," 32"," 1"," 29"," 10"," 3"
"source3"," 29"," 1"," 39"," 10"," 3"
"source3"," 30"," 1"," 40"," 10"," 3"
"source3"," 31"," 1"," 41"," 10"," 3"
"source3"," 32"," 1"," 42"," 10"," 3"
"source3"," 29"," 1"," 52"," 10"," 3"
"source3"," 30"," 1"," 53"," 10"," 3"
"source3"," 31"," 1"," 54"," 10"," 3"
"source3"," 32"," 1"," 55"," 10"," 3"
"source3"," 29"," 1"," 65"," 10"," 3"
"source3"," 30"," 1"," 66"," 10"," 3"
"source3"," 31"," 1"," 67"," 10"," 3"
"source3"," 32"," 1"," 68"," 10"," 3"
"source3"," 33"," 1"," 1"," 10"," 3"
"source3"," 34"," 1"," 2"," 10"," 3"
"source3"," 35"," 1"," 3"," 10"," 3"
"source3"," 36"," 1"," 4"," 10"," 3"
"source3"," 33"," 1"," 31"," 10"," 3"
"source3"," 34"," 1"," 32"," 10"," 3"
"source3"," 35"," 1"," 17"," 10"," 3"
"source3"," 36"," 1"," 18"," 10"," 3"
"source3"," 33"," 1"," 45"," 10"," 3"
"source3"," 34"," 1"," 46"," 10"," 3"
"source3"," 35"," 1"," 47"," 10"," 3"
"source3"," 36"," 1"," 48"," 10"," 3"
"source3"," 33"," 1"," 59"," 10"," 3"
"source3"," 34"," 1"," 60"," 10"," 3"
"source3"," 35"," 1"," 61"," 10"," 3"
"source3"," 36"," 1"," 62"," 10"," 3"
"source3"," 33"," 1"," 73"," 10"," 3"
"source3"," 34"," 1"," 74"," 10"," 3"
"source3"," 35"," 1"," 75"," 10"," 3"
"source3"," 36"," 1"," 76"," 10"," 3"
"source3"," 37"," 1"," 5"," 10"," 3"
"source3"," 38"," 1"," 6"," 10"," 3"
"source3"," 39"," 1"," 7"," 10"," 3"
"source3"," 40"," 1"," 8"," 10"," 3"
"source3"," 37"," 1"," 19"," 10"," 3"
"source3"," 38"," 1"," 20"," 10"," 3"
"source3"," 39"," 1"," 21"," 10"," 3"
"source3"," 40"," 1"," 22"," 10"," 3"
"source3"," 37"," 1"," 33"," 10"," 3"
"source3"," 38"," 1"," 34"," 10"," 3"
"source3"," 39"," 1"," 35"," 10"," 3"
"source3"," 40"," 1"," 36"," 10"," 3"
"source3"," 37"," 1"," 63"," 10"," 3"
"source3"," 38"," 1"," 64"," 10"," 3"
"source3"," 39"," 1"," 49"," 10"," 3"
"source3"," 40"," 1"," 50"," 10"," 3"
"source3"," 37"," 1"," 77"," 10"," 3"
"source3"," 38"," 1"," 78"," 10"," 3"
"source3"," 39"," 1"," 79"," 10"," 3"
"source3"," 40"," 1"," 80"," 10"," 3"
"source3"," 41"," 1"," 9"," 10"," 3"
"source3"," 42"," 1"," 10"," 10"," 3"
"source3"," 43"," 1"," 11"," 10"," 3"
"source3"," 44"," 1"," 12"," 10"," 3"
"source3"," 41"," 1"," 23"," 10"," 3"
"source3"," 42"," 1"," 24"," 10"," 3"
"source3"," 43"," 1"," 25"," 10"," 3"
"source3"," 44"," 1"," 26"," 10"," 3"
"source3"," 41"," 1"," 37"," 10"," 3"
"source3"," 42"," 1"," 38"," 10"," 3"
"source3"," 43"," 1"," 39"," 10"," 3"
"source3"," 44"," 1"," 40"," 10"," 3"
"source3"," 41"," 1"," 51"," 10"," 3"
"source3"," 42"," 1"," 52"," 10"," 3"
"source3"," 43"," 1"," 53"," 10"," 3"
"source3"," 44"," 1"," 54"," 10"," 3"
"source3"," 41"," 1"," 65"," 10"," 3"
"source3"," 42"," 1"," 66"," 10"," 3"
"source3"," 43"," 1"," 67"," 10"," 3"
"source3"," 44"," 1"," 68"," 10"," 3"
"source3"," 45"," 1"," 13"," 10"," 3"
"source3"," 46"," 1"," 14"," 10"," 3"
"source3"," 47"," 1"," 15"," 10"," 3"
"source3"," 48"," 1"," 16"," 10"," 3"
"source3"," 45"," 1"," 27"," 10"," 3"
"source3"," 46"," 1"," 28"," 10"," 3"
"source3"," 47"," 1"," 29"," 10"," 3"
"source3"," 48"," 1"," 30"," 10"," 3"
"source3"," 45"," 1"," 41"," 10"," 3"
"source3"," 46"," 1"," 42"," 10"," 3"
"source3"," 47"," 1"," 43"," 10"," 3"
"source3"," 48"," 1"," 44"," 10"," 3"
"source3"," 45"," 1"," 55"," 10"," 3"
"source3"," 46"," 1"," 56"," 10"," 3"
"source3"," 47"," 1"," 57"," 10"," 3"
"source3"," 48"," 1"," 58"," 10"," 3"
"source3"," 45"," 1"," 69"," 10"," 3"
"source3"," 46"," 1"," 70"," 10"," 3"
"source3"," 47"," 1"," 71"," 10"," 3"
"source3"," 48"," 1"," 72"," 10"," 3"
"source3"," 49"," 1"," 1"," 10"," 3"
"source3"," 50"," 1"," 2"," 10"," 3"
"source3"," 51"," 1"," 3"," 10"," 3"
"source3"," 52"," 1"," 4"," 10"," 3"
"source3"," 49"," 1"," 32"," 10"," 3"
"source3"," 50"," 1"," 17"," 10"," 3"
"source3"," 51"," 1"," 18"," 10"," 3"
"source3"," 52"," 1"," 19"," 10"," 3"
"source3"," 49"," 1"," 47"," 10"," 3"
"source3"," 50"," 1"," 48"," 10"," 3"
"source3"," 51"," 1"," 33"," 10"," 3"
"source3"," 52"," 1"," 34"," 10"," 3"
"source3"," 49"," 1"," 62"," 10"," 3"
"source3"," 50"," 1"," 63"," 10"," 3"
"source3"," 51"," 1"," 64"," 10"," 3"
"source3"," 52"," 1"," 49"," 10"," 3"
"source3"," 49"," 1"," 77"," 10"," 3"
"source3"," 50"," 1"," 78"," 10"," 3"
"source3"," 51"," 1"," 79"," 10"," 3"
"source3"," 52"," 1"," 80"," 10"," 3"
"source3"," 53"," 1"," 5"," 10"," 3"
"source3"," 54"," 1"," 6"," 10"," 3"
"source3"," 55"," 1"," 7"," 10"," 3"
"source3"," 56"," 1"," 8"," 10"," 3"
"source3"," 53"," 1"," 20"," 10"," 3"
"source3"," 54"," 1"," 21"," 10"," 3"
"source3"," 55"," 1"," 22"," 10"," 3"
"source3"," 56"," 1"," 23"," 10"," 3"
"source3"," 53"," 1"," 35"," 10"," 3"
"source3"," 54"," 1"," 36"," 10"," 3"
"source3"," 55"," 1"," 37"," 10"," 3"
"source3"," 56"," 1"," 38"," 10"," 3"
"source3"," 53"," 1"," 50"," 10"," 3"
"source3"," 54"," 1"," 51"," 10"," 3"
"source3"," 55"," 1"," 52"," 10"," 3"
"source3"," 56"," 1"," 53"," 10"," 3"
"source3"," 53"," 1"," 65"," 10"," 3"
"source3"," 54"," 1"," 66"," 10"," 3"
"source3"," 55"," 1"," 67"," 10"," 3"
"source3"," 56"," 1"," 68"," 10"," 3"
"source3"," 57"," 1"," 9"," 10"," 3"
"source3"," 58"," 1"," 10"," 10"," 3"
"source3"," 59"," 1"," 11"," 10"," 3"
"source3"," 60"," 1"," 12"," 10"," 3"
"source3"," 57"," 1"," 24"," 10"," 3"
"source3"," 58"," 1"," 25"," 10"," 3"
"source3"," 59"," 1"," 26"," 10"," 3"
"source3"," 60"," 1"," 27"," 10"," 3"
"source3"," 57"," 1"," 39"," 10"," 3"
"source3"," 58"," 1"," 40"," 10"," 3"
"source3"," 59"," 1"," 41"," 10"," 3"
"source3"," 60"," 1"," 42"," 10"," 3"
"source3"," 57"," 1"," 54"," 10"," 3"
"source3"," 58"," 1"," 55"," 10"," 3"
"source3"," 59"," 1"," 56"," 10"," 3"
"source3"," 60"," 1"," 57"," 10"," 3"
"source3"," 57"," 1"," 69"," 10"," 3"
"source3"," 58"," 1"," 70"," 10"," 3"
"source3"," 59"," 1"," 71"," 10"," 3"
"source3"," 60"," 1"," 72"," 10"," 3"
"source3"," 61"," 1"," 13"," 10"," 3"
"source3"," 62"," 1"," 14"," 10"," 3"
"source3"," 63"," 1"," 15"," 10"," 3"
"source3"," 64"," 1"," 16"," 10"," 3"
"source3"," 61"," 1"," 28"," 10"," 3"
"source3"," 62"," 1"," 29"," 10"," 3"
"source3"," 63"," 1"," 30"," 10"," 3"
"source3"," 64"," 1"," 31"," 10"," 3"
"source3"," 61"," 1"," 43"," 10"," 3"
"source3"," 62"," 1"," 44"," 10"," 3"
"source3"," 63"," 1"," 45"," 10"," 3"
"source3"," 64"," 1"," 46"," 10"," 3"
"source3"," 61"," 1"," 58"," 10"," 3"
"source3"," 62"," 1"," 59"," 10"," 3"
"source3"," 63"," 1"," 60"," 10"," 3"
"source3"," 64"," 1"," 61"," 10"," 3"
"source3"," 61"," 1"," 73"," 10"," 3"
"source3"," 62"," 1"," 74"," 10"," 3"
"source3"," 63"," 1"," 75"," 10"," 3"
"source3"," 64"," 1"," 76"," 10"," 3"
"source3"," 65"," 1"," 1"," 10"," 3"
"source3"," 66"," 1"," 2"," 10"," 3"
"source3"," 67"," 1"," 3"," 10"," 3"
"source3"," 68"," 1"," 4"," 10"," 3"
"source3"," 65"," 1"," 18"," 10"," 3"
"source3"," 66"," 1"," 19"," 10"," 3"
"source3"," 67"," 1"," 20"," 10"," 3"
"source3"," 68"," 1"," 21"," 10"," 3"
"source3"," 65"," 1"," 37"," 10"," 3"
"source3"," 66"," 1"," 38"," 10"," 3"
"source3"," 67"," 1"," 39"," 10"," 3"
"source3"," 68"," 1"," 40"," 10"," 3"
"source3"," 65"," 1"," 58"," 10"," 3"
"source3"," 66"," 1"," 59"," 10"," 3"
"source3"," 67"," 1"," 60"," 10"," 3"
"source3"," 68"," 1"," 61"," 10"," 3"
"source3"," 65"," 1"," 65"," 10"," 3"
"source3"," 66"," 1"," 66"," 10"," 3"
"source3"," 67"," 1"," 67"," 10"," 3"
"source3"," 68"," 1"," 68"," 10"," 3"
"source3"," 69"," 1"," 5"," 10"," 3"
"source3"," 70"," 1"," 6"," 10"," 3"
"source3"," 71"," 1"," 7"," 10"," 3"
"source3"," 72"," 1"," 8"," 10"," 3"
"source3"," 69"," 1"," 22"," 10"," 3"
"source3"," 70"," 1"," 23"," 10"," 3"
"source3"," 71"," 1"," 24"," 10"," 3"
"source3"," 72"," 1"," 25"," 10"," 3"
"source3"," 69"," 1"," 41"," 10"," 3"
"source3"," 70"," 1"," 42"," 10"," 3"
"source3"," 71"," 1"," 43"," 10"," 3"
"source3"," 72"," 1"," 44"," 10"," 3"
"source3"," 69"," 1"," 62"," 10"," 3"
"source3"," 70"," 1"," 63"," 10"," 3"
"source3"," 71"," 1"," 64"," 10"," 3"
"source3"," 72"," 1"," 49"," 10"," 3"
"source3"," 69"," 1"," 69"," 10"," 3"
"source3"," 70"," 1"," 70"," 10"," 3"
"source3"," 71"," 1"," 71"," 10"," 3"
"source3"," 72"," 1"," 72"," 10"," 3"
"source3"," 73"," 1"," 9"," 10"," 3"
"source3"," 74"," 1"," 10"," 10"," 3"
"source3"," 75"," 1"," 11"," 10"," 3"
"source3"," 76"," 1"," 12"," 10"," 3"
"source3"," 73"," 1"," 26"," 10"," 3"
"source3"," 74"," 1"," 27"," 10"," 3"
"source3"," 75"," 1"," 28"," 10"," 3"
"source3"," 76"," 1"," 29"," 10"," 3"
"source3"," 73"," 1"," 45"," 10"," 3"
"source3"," 74"," 1"," 46"," 10"," 3"
"source3"," 75"," 1"," 47"," 10"," 3"
"source3"," 76"," 1"," 48"," 10"," 3"
"source3"," 73"," 1"," 50"," 10"," 3"
"source3"," 74"," 1"," 51"," 10"," 3"
"source3"," 75"," 1"," 52"," 10"," 3"
"source3"," 76"," 1"," 53"," 10"," 3"
"source3"," 73"," 1"," 73"," 10"," 3"
"source3"," 74"," 1"," 74"," 10"," 3"
"source3"," 75"," 1"," 75"," 10"," 3"
"source3"," 76"," 1"," 76"," 10"," 3"
"source3"," 77"," 1"," 13"," 10"," 3"
"source3"," 78"," 1"," 14"," 10"," 3"
"source3"," 79"," 1"," 15"," 10"," 3"
"source3"," 80"," 1"," 16"," 10"," 3"
"source3"," 77"," 1"," 30"," 10"," 3"
"source3"," 78"," 1"," 31"," 10"," 3"
"source3"," 79"," 1"," 32"," 10"," 3"
"source3"," 80"," 1"," 17"," 10"," 3"
"source3"," 77"," 1"," 33"," 10"," 3"
"source3"," 78"," 1"," 34"," 10"," 3"
"source3"," 79"," 1"," 35"," 10"," 3"
"source3"," 80"," 1"," 36"," 10"," 3"
"source3"," 77"," 1"," 54"," 10"," 3"
"source3"," 78"," 1"," 55"," 10"," 3"
"source3"," 79"," 1"," 56"," 10"," 3"
"source3"," 80"," 1"," 57"," 10"," 3"
"source3"," 77"," 1"," 77"," 10"," 3"
"source3"," 78"," 1"," 78"," 10"," 3"
"source3"," 79"," 1"," 79"," 10"," 3"
"source3"," 80"," 1"," 80"," 10"," 3"
"source3"," 81"," 1"," 1"," 10"," 3"
"source3"," 82"," 1"," 2"," 10"," 3"
"source3"," 83"," 1"," 3"," 10"," 3"
"source3"," 84"," 1"," 4"," 10"," 3"
"source3"," 81"," 1"," 19"," 10"," 3"
"source3"," 82"," 1"," 20"," 10"," 3"
"source3"," 83"," 1"," 21"," 10"," 3"
"source3"," 84"," 1"," 22"," 10"," 3"
"source3"," 81"," 1"," 39"," 10"," 3"
"source3"," 82"," 1"," 40"," 10"," 3"
"source3"," 83"," 1"," 41"," 10"," 3"
"source3"," 84"," 1"," 42"," 10"," 3"
"source3"," 81"," 1"," 61"," 10"," 3"
"source3"," 82"," 1"," 62"," 10"," 3"
"source3"," 83"," 1"," 63"," 10"," 3"
"source3"," 84"," 1"," 64"," 10"," 3"
"source3"," 81"," 1"," 69"," 10"," 3"
"source3"," 82"," 1"," 70"," 10"," 3"
"source3"," 83"," 1"," 71"," 10"," 3"
"source3"," 84"," 1"," 72"," 10"," 3"
"source3"," 85"," 1"," 5"," 10"," 3"
"source3"," 86"," 1"," 6"," 10"," 3"
"source3"," 87"," 1"," 7"," 10"," 3"
"source3"," 88"," 1"," 8"," 10"," 3"
"source3"," 85"," 1"," 23"," 10"," 3"
"source3"," 86"," 1"," 24"," 10"," 3"
"source3"," 87"," 1"," 25"," 10"," 3"
"source3"," 88"," 1"," 26"," 10"," 3"
"source3"," 85"," 1"," 43"," 10"," 3"
"source3"," 86"," 1"," 44"," 10"," 3"
"source3"," 87"," 1"," 45"," 10"," 3"
"source3"," 88"," 1"," 46"," 10"," 3"
"source3"," 85"," 1"," 49"," 10"," 3"
"source3"," 86"," 1"," 50"," 10"," 3"
"source3"," 87"," 1"," 51"," 10"," 3"
"source3"," 88"," 1"," 52"," 10"," 3"
"source3"," 85"," 1"," 73"," 10"," 3"
"source3"," 86"," 1"," 74"," 10"," 3"
"source3"," 87"," 1"," 75"," 10"," 3"
"source3"," 88"," 1"," 76"," 10"," 3"
"source3"," 89"," 1"," 9"," 10"," 3"
"source3"," 90"," 1"," 10"," 10"," 3"
"source3"," 91"," 1"," 11"," 10"," 3"
"source3"," 92"," 1"," 12"," 10"," 3"
"source3"," 89"," 1"," 27"," 10"," 3"
"source3"," 90"," 1"," 28"," 10"," 3"
"source3"," 91"," 1"," 29"," 10"," 3"
"source3"," 92"," 1"," 30"," 10"," 3"
"source3"," 89"," 1"," 47"," 10"," 3"
"source3"," 90"," 1"," 48"," 10"," 3"
"source3"," 91"," 1"," 33"," 10"," 3"
"source3"," 92"," 1"," 34"," 10"," 3"
"source3"," 89"," 1"," 53"," 10"," 3"
"source3"," 90"," 1"," 54"," 10"," 3"
"source3"," 91"," 1"," 55"," 10"," 3"
"source3"," 92"," 1"," 56"," 10"," 3"
"source3"," 89"," 1"," 77"," 10"," 3"
"source3"," 90"," 1"," 78"," 10"," 3"
"source3"," 91"," 1"," 79"," 10"," 3"
"source3"," 92"," 1"," 80"," 10"," 3"
"source3"," 93"," 1"," 13"," 10"," 3"
"source3"," 94"," 1"," 14"," 10"," 3"
"source3"," 95"," 1"," 15"," 10"," 3"
"source3"," 96"," 1"," 16"," 10"," 3"
"source3"," 93"," 1"," 31"," 10"," 3"
"source3"," 94"," 1"," 32"," 10"," 3"
"source3"," 95"," 1"," 17"," 10"," 3"
"source3"," 96"," 1"," 18"," 10"," 3"
"source3"," 93"," 1"," 35"," 10"," 3"
"source3"," 94"," 1"," 36"," 10"," 3"
"source3"," 95"," 1"," 37"," 10"," 3"
"source3"," 96"," 1"," 38"," 10"," 3"
"source3"," 93"," 1"," 57"," 10"," 3"
"source3"," 94"," 1"," 58"," 10"," 3"
"source3"," 95"," 1"," 59"," 10"," 3"
"source3"," 96"," 1"," 60"," 10"," 3"
"source3"," 93"," 1"," 65"," 10"," 3"
"source3"," 94"," 1"," 66"," 10"," 3"
"source3"," 95"," 1"," 67"," 10"," 3"
"source3"," 96"," 1"," 68"," 10"," 3"
"source4"," 1"," 1"," 1"," 10"," 4"
"source4"," 2"," 1"," 2"," 10"," 4"
"source4"," 3"," 1"," 3"," 10"," 4"
"source4"," 4"," 1"," 4"," 10"," 4"
"source4"," 1"," 1"," 20"," 10"," 4"
"source4"," 2"," 1"," 21"," 10"," 4"
"source4"," 3"," 1"," 22"," 10"," 4"
"source4"," 4"," 1"," 23"," 10"," 4"
"source4"," 1"," 1"," 41"," 10"," 4"
"source4"," 2"," 1"," 42"," 10"," 4"
"source4"," 3"," 1"," 43"," 10"," 4"
"source4"," 4"," 1"," 44"," 10"," 4"
"source4"," 1"," 1"," 64"," 10"," 4"
"source4"," 2"," 1"," 49"," 10"," 4"
"source4"," 3"," 1"," 50"," 10"," 4"
"source4"," 4"," 1"," 51"," 10"," 4"
"source4"," 1"," 1"," 73"," 10"," 4"
"source4"," 2"," 1"," 74"," 10"," 4"
"source4"," 3"," 1"," 75"," 10"," 4"
"source4"," 4"," 1"," 76"," 10"," 4"
"source4"," 5"," 1"," 5"," 10"," 4"
"source4"," 6"," 1"," 6"," 10"," 4"
"source4"," 7"," 1"," 7"," 10"," 4"
"source4"," 8"," 1"," 8"," 10"," 4"
"source4"," 5"," 1"," 24"," 10"," 4"
"source4"," 6"," 1"," 25"," 10"," 4"
"source4"," 7"," 1"," 26"," 10"," 4"
"source4"," 8"," 1"," 27"," 10"," 4"
"source4"," 5"," 1"," 45"," 10"," 4"
"source4"," 6"," 1"," 46"," 10"," 4"
"source4"," 7"," 1"," 47"," 10"," 4"
"source4"," 8"," 1"," 48"," 10"," 4"
"source4"," 5"," 1"," 52"," 10"," 4"
"source4"," 6"," 1"," 53"," 10"," 4"
"source4"," 7"," 1"," 54"," 10"," 4"
"source4"," 8"," 1"," 55"," 10"," 4"
"source4"," 5"," 1"," 77"," 10"," 4"
"source4"," 6"," 1"," 78"," 10"," 4"
"source4"," 7"," 1"," 79"," 10"," 4"
"source4"," 8"," 1"," 80"," 10"," 4"
"source4"," 9"," 1"," 9"," 10"," 4"
"source4"," 10"," 1"," 10"," 10"," 4"
"source4"," 11"," 1"," 11"," 10"," 4"
"source4"," 12"," 1"," 12"," 10"," 4"
"source4"," 9"," 1"," 28"," 10"," 4"
"source4"," 10"," 1"," 29"," 10"," 4"
"source4"," 11"," 1"," 30"," 10"," 4"
"source4"," 12"," 1"," 31"," 10"," 4"
"source4"," 9"," 1"," 33"," 10"," 4"
"source4"," 10"," 1"," 34"," 10"," 4"
"source4"," 11"," 1"," 35"," 10"," 4"
"source4"," 12"," 1"," 36"," 10"," 4"
"source4"," 9"," 1"," 56"," 10"," 4"
"source4"," 10"," 1"," 57"," 10"," 4"
"source4"," 11"," 1"," 58"," 10"," 4"
"source4"," 12"," 1"," 59"," 10"," 4"
"source4"," 9"," 1"," 65"," 10"," 4"
"source4"," 10"," 1"," 66"," 10"," 4"
"source4"," 11"," 1"," 67"," 10"," 4"
"source4"," 12"," 1"," 68"," 10"," 4"
"source4"," 13"," 1"," 13"," 10"," 4"
"source4"," 14"," 1"," 14"," 10"," 4"
"source4"," 15"," 1"," 15"," 10"," 4"
"source4"," 16"," 1"," 16"," 10"," 4"
"source4"," 13"," 1"," 32"," 10"," 4"
"source4"," 14"," 1"," 17"," 10"," 4"
"source4"," 15"," 1"," 18"," 10"," 4"
"source4"," 16"," 1"," 19"," 10"," 4"
"source4"," 13"," 1"," 37"," 10"," 4"
"source4"," 14"," 1"," 38"," 10"," 4"
"source4"," 15"," 1"," 39"," 10"," 4"
"source4"," 16"," 1"," 40"," 10"," 4"
"source4"," 13"," 1"," 60"," 10"," 4"
"source4"," 14"," 1"," 61"," 10"," 4"
"source4"," 15"," 1"," 62"," 10"," 4"
"source4"," 16"," 1"," 63"," 10"," 4"
"source4"," 13"," 1"," 69"," 10"," 4"
"source4"," 14"," 1"," 70"," 10"," 4"
"source4"," 15"," 1"," 71"," 10"," 4"
"source4"," 16"," 1"," 72"," 10"," 4"
"source4"," 17"," 1"," 1"," 10"," 4"
"source4"," 18"," 1"," 2"," 10"," 4"
"source4"," 19"," 1"," 3"," 10"," 4"
"source4"," 20"," 1"," 4"," 10"," 4"
"source4"," 17"," 1"," 21"," 10"," 4"
"source4"," 18"," 1"," 22"," 10"," 4"
"source4"," 19"," 1"," 23"," 10"," 4"
"source4"," 20"," 1"," 24"," 10"," 4"
"source4"," 17"," 1"," 43"," 10"," 4"
"source4"," 18"," 1"," 44"," 10"," 4"
"source4"," 19"," 1"," 45"," 10"," 4"
"source4"," 20"," 1"," 46"," 10"," 4"
"source4"," 17"," 1"," 51"," 10"," 4"
"source4"," 18"," 1"," 52"," 10"," 4"
"source4"," 19"," 1"," 53"," 10"," 4"
"source4"," 20"," 1"," 54"," 10"," 4"
"source4"," 17"," 1"," 77"," 10"," 4"
"source4"," 18"," 1"," 78"," 10"," 4"
"source4"," 19"," 1"," 79"," 10"," 4"
"source4"," 20"," 1"," 80"," 10"," 4"
"source4"," 21"," 1"," 5"," 10"," 4"
"source4"," 22"," 1"," 6"," 10"," 4"
"source4"," 23"," 1"," 7"," 10"," 4"
"source4"," 24"," 1"," 8"," 10"," 4"
"source4"," 21"," 1"," 25"," 10"," 4"
"source4"," 22"," 1"," 26"," 10"," 4"
"source4"," 23"," 1"," 27"," 10"," 4"
"source4"," 24"," 1"," 28"," 10"," 4"
"source4"," 21"," 1"," 47"," 10"," 4"
"source4"," 22"," 1"," 48"," 10"," 4"
"source4"," 23"," 1"," 33"," 10"," 4"
"source4"," 24"," 1"," 34"," 10"," 4"
"source4"," 21"," 1"," 55"," 10"," 4"
"source4"," 22"," 1"," 56"," 10"," 4"
"source4"," 23"," 1"," 57"," 10"," 4"
"source4"," 24"," 1"," 58"," 10"," 4"
"source4"," 21"," 1"," 65"," 10"," 4"
"source4"," 22"," 1"," 66"," 10"," 4"
"source4"," 23"," 1"," 67"," 10"," 4"
"source4"," 24"," 1"," 68"," 10"," 4"
"source4"," 25"," 1"," 9"," 10"," 4"
"source4"," 26"," 1"," 10"," 10"," 4"
"source4"," 27"," 1"," 11"," 10"," 4"
"source4"," 28"," 1"," 12"," 10"," 4"
"source4"," 25"," 1"," 29"," 10"," 4"
"source4"," 26"," 1"," 30"," 10"," 4"
"source4"," 27"," 1"," 31"," 10"," 4"
"source4"," 28"," 1"," 32"," 10"," 4"
"source4"," 25"," 1"," 35"," 10"," 4"
"source4"," 26"," 1"," 36"," 10"," 4"
"source4"," 27"," 1"," 37"," 10"," 4"
"source4"," 28"," 1"," 38"," 10"," 4"
"source4"," 25"," 1"," 59"," 10"," 4"
"source4"," 26"," 1"," 60"," 10"," 4"
"source4"," 27"," 1"," 61"," 10"," 4"
"source4"," 28"," 1"," 62"," 10"," 4"
"source4"," 25"," 1"," 69"," 10"," 4"
"source4"," 26"," 1"," 70"," 10"," 4"
"source4"," 27"," 1"," 71"," 10"," 4"
"source4"," 28"," 1"," 72"," 10"," 4"
"source4"," 29"," 1"," 13"," 10"," 4"
"source4"," 30"," 1"," 14"," 10"," 4"
"source4"," 31"," 1"," 15"," 10"," 4"
"source4"," 32"," 1"," 16"," 10"," 4"
"source4"," 29"," 1"," 17"," 10"," 4"
"source4"," 30"," 1"," 18"," 10"," 4"
"source4"," 31"," 1"," 19"," 10"," 4"
"source4"," 32"," 1"," 20"," 10"," 4"
"source4"," 29"," 1"," 39"," 10"," 4"
"source4"," 30"," 1"," 40"," 10"," 4"
"source4"," 31"," 1"," 41"," 10"," 4"
"source4"," 32"," 1"," 42"," 10"," 4"
"source4"," 29"," 1"," 63"," 10"," 4"
"source4"," 30"," 1"," 64"," 10"," 4"
"source4"," 31"," 1"," 49"," 10"," 4"
"source4"," 32"," 1"," 50"," 10"," 4"
"source4"," 29"," 1"," 73"," 10"," 4"
"source4"," 30"," 1"," 74"," 10"," 4"
"source4"," 31"," 1"," 75"," 10"," 4"
"source4"," 32"," 1"," 76"," 10"," 4"
"source4"," 33"," 1"," 1"," 10"," 4"
"source4"," 34"," 1"," 2"," 10"," 4"
"source4"," 35"," 1"," 3"," 10"," 4"
"source4"," 36"," 1"," 4"," 10"," 4"
"source4"," 33"," 1"," 22"," 10"," 4"
"source4"," 34"," 1"," 23"," 10"," 4"
"source4"," 35"," 1"," 24"," 10"," 4"
"source4"," 36"," 1"," 25"," 10"," 4"
"source4"," 33"," 1"," 45"," 10"," 4"
"source4"," 34"," 1"," 46"," 10"," 4"
"source4"," 35"," 1"," 47"," 10"," 4"
"source4"," 36"," 1"," 48"," 10"," 4"
"source4"," 33"," 1"," 54"," 10"," 4"
"source4"," 34"," 1"," 55"," 10"," 4"
"source4"," 35"," 1"," 56"," 10"," 4"
"source4"," 36"," 1"," 57"," 10"," 4"
"source4"," 33"," 1"," 65"," 10"," 4"
"source4"," 34"," 1"," 66"," 10"," 4"
"source4"," 35"," 1"," 67"," 10"," 4"
"source4"," 36"," 1"," 68"," 10"," 4"
"source4"," 37"," 1"," 5"," 10"," 4"
"source4"," 38"," 1"," 6"," 10"," 4"
"source4"," 39"," 1"," 7"," 10"," 4"
"source4"," 40"," 1"," 8"," 10"," 4"
"source4"," 37"," 1"," 26"," 10"," 4"
"source4"," 38"," 1"," 27"," 10"," 4"
"source4"," 39"," 1"," 28"," 10"," 4"
"source4"," 40"," 1"," 29"," 10"," 4"
"source4"," 37"," 1"," 33"," 10"," 4"
"source4"," 38"," 1"," 34"," 10"," 4"
"source4"," 39"," 1"," 35"," 10"," 4"
"source4"," 40"," 1"," 36"," 10"," 4"
"source4"," 37"," 1"," 58"," 10"," 4"
"source4"," 38"," 1"," 59"," 10"," 4"
"source4"," 39"," 1"," 60"," 10"," 4"
"source4"," 40"," 1"," 61"," 10"," 4"
"source4"," 37"," 1"," 69"," 10"," 4"
"source4"," 38"," 1"," 70"," 10"," 4"
"source4"," 39"," 1"," 71"," 10"," 4"
"source4"," 40"," 1"," 72"," 10"," 4"
"source4"," 41"," 1"," 9"," 10"," 4"
"source4"," 42"," 1"," 10"," 10"," 4"
"source4"," 43"," 1"," 11"," 10"," 4"
"source4"," 44"," 1"," 12"," 10"," 4"
"source4"," 41"," 1"," 30"," 10"," 4"
"source4"," 42"," 1"," 31"," 10"," 4"
"source4"," 43"," 1"," 32"," 10"," 4"
"source4"," 44"," 1"," 17"," 10"," 4"
"source4"," 41"," 1"," 37"," 10"," 4"
"source4"," 42"," 1"," 38"," 10"," 4"
"source4"," 43"," 1"," 39"," 10"," 4"
"source4"," 44"," 1"," 40"," 10"," 4"
"source4"," 41"," 1"," 62"," 10"," 4"
"source4"," 42"," 1"," 63"," 10"," 4"
"source4"," 43"," 1"," 64"," 10"," 4"
"source4"," 44"," 1"," 49"," 10"," 4"
"source4"," 41"," 1"," 73"," 10"," 4"
"source4"," 42"," 1"," 74"," 10"," 4"
"source4"," 43"," 1"," 75"," 10"," 4"
"source4"," 44"," 1"," 76"," 10"," 4"
"source4"," 45"," 1"," 13"," 10"," 4"
"source4"," 46"," 1"," 14"," 10"," 4"
"source4"," 47"," 1"," 15"," 10"," 4"
"source4"," 48"," 1"," 16"," 10"," 4"
"source4"," 45"," 1"," 18"," 10"," 4"
"source4"," 46"," 1"," 19"," 10"," 4"
"source4"," 47"," 1"," 20"," 10"," 4"
"source4"," 48"," 1"," 21"," 10"," 4"
"source4"," 45"," 1"," 41"," 10"," 4"
"source4"," 46"," 1"," 42"," 10"," 4"
"source4"," 47"," 1"," 43"," 10"," 4"
"source4"," 48"," 1"," 44"," 10"," 4"
"source4"," 45"," 1"," 50"," 10"," 4"
"source4"," 46"," 1"," 51"," 10"," 4"
"source4"," 47"," 1"," 52"," 10"," 4"
"source4"," 48"," 1"," 53"," 10"," 4"
"source4"," 45"," 1"," 77"," 10"," 4"
"source4"," 46"," 1"," 78"," 10"," 4"
"source4"," 47"," 1"," 79"," 10"," 4"
"source4"," 48"," 1"," 80"," 10"," 4"
"source4"," 49"," 1"," 1"," 10"," 4"
"source4"," 50"," 1"," 2"," 10"," 4"
"source4"," 51"," 1"," 3"," 10"," 4"
"source4"," 52"," 1"," 4"," 10"," 4"
"source4"," 49"," 1"," 23"," 10"," 4"
"source4"," 50"," 1"," 24"," 10"," 4"
"source4"," 51"," 1"," 25"," 10"," 4"
"source4"," 52"," 1"," 26"," 10"," 4"
"source4"," 49"," 1"," 47"," 10"," 4"
"source4"," 50"," 1"," 48"," 10"," 4"
"source4"," 51"," 1"," 33"," 10"," 4"
"source4"," 52"," 1"," 34"," 10"," 4"
"source4"," 49"," 1"," 57"," 10"," 4"
"source4"," 50"," 1"," 58"," 10"," 4"
"source4"," 51"," 1"," 59"," 10"," 4"
"source4"," 52"," 1"," 60"," 10"," 4"
"source4"," 49"," 1"," 69"," 10"," 4"
"source4"," 50"," 1"," 70"," 10"," 4"
"source4"," 51"," 1"," 71"," 10"," 4"
"source4"," 52"," 1"," 72"," 10"," 4"
"source4"," 53"," 1"," 5"," 10"," 4"
"source4"," 54"," 1"," 6"," 10"," 4"
"source4"," 55"," 1"," 7"," 10"," 4"
"source4"," 56"," 1"," 8"," 10"," 4"
"source4"," 53"," 1"," 27"," 10"," 4"
"source4"," 54"," 1"," 28"," 10"," 4"
"source4"," 55"," 1"," 29"," 10"," 4"
"source4"," 56"," 1"," 30"," 10"," 4"
"source4"," 53"," 1"," 35"," 10"," 4"
"source4"," 54"," 1"," 36"," 10"," 4"
"source4"," 55"," 1"," 37"," 10"," 4"
"source4"," 56"," 1"," 38"," 10"," 4"
"source4"," 53"," 1"," 61"," 10"," 4"
"source4"," 54"," 1"," 62"," 10"," 4"
"source4"," 55"," 1"," 63"," 10"," 4"
"source4"," 56"," 1"," 64"," 10"," 4"
"source4"," 53"," 1"," 73"," 10"," 4"
"source4"," 54"," 1"," 74"," 10"," 4"
"source4"," 55"," 1"," 75"," 10"," 4"
"source4"," 56"," 1"," 76"," 10"," 4"
"source4"," 57"," 1"," 9"," 10"," 4"
"source4"," 58"," 1"," 10"," 10"," 4"
"source4"," 59"," 1"," 11"," 10"," 4"
"source4"," 60"," 1"," 12"," 10"," 4"
"source4"," 57"," 1"," 31"," 10"," 4"
"source4"," 58"," 1"," 32"," 10"," 4"
"source4"," 59"," 1"," 17"," 10"," 4"
"source4"," 60"," 1"," 18"," 10"," 4"
"source4"," 57"," 1"," 39"," 10"," 4"
"source4"," 58"," 1"," 40"," 10"," 4"
"source4"," 59"," 1"," 41"," 10"," 4"
"source4"," 60"," 1"," 42"," 10"," 4"
"source4"," 57"," 1"," 49"," 10"," 4"
"source4"," 58"," 1"," 50"," 10"," 4"
"source4"," 59"," 1"," 51"," 10"," 4"
"source4"," 60"," 1"," 52"," 10"," 4"
"source4"," 57"," 1"," 77"," 10"," 4"
"source4"," 58"," 1"," 78"," 10"," 4"
"source4"," 59"," 1"," 79"," 10"," 4"
"source4"," 60"," 1"," 80"," 10"," 4"
"source4"," 61"," 1"," 13"," 10"," 4"
"source4"," 62"," 1"," 14"," 10"," 4"
"source4"," 63"," 1"," 15"," 10"," 4"
"source4"," 64"," 1"," 16"," 10"," 4"
"source4"," 61"," 1"," 19"," 10"," 4"
"source4"," 62"," 1"," 20"," 10"," 4"
"source4"," 63"," 1"," 21"," 10"," 4"
"source4"," 64"," 1"," 22"," 10"," 4"
"source4"," 61"," 1"," 43"," 10"," 4"
"source4"," 62"," 1"," 44"," 10"," 4"
"source4"," 63"," 1"," 45"," 10"," 4"
"source4"," 64"," 1"," 46"," 10"," 4"
"source4"," 61"," 1"," 53"," 10"," 4"
"source4"," 62"," 1"," 54"," 10"," 4"
"source4"," 63"," 1"," 55"," 10"," 4"
"source4"," 64"," 1"," 56"," 10"," 4"
"source4"," 61"," 1"," 65"," 10"," 4"
"source4"," 62"," 1"," 66"," 10"," 4"
"source4"," 63"," 1"," 67"," 10"," 4"
"source4"," 64"," 1"," 68"," 10"," 4"
"source4"," 65"," 1"," 1"," 10"," 4"
"source4"," 66"," 1"," 2"," 10"," 4"
"source4"," 67"," 1"," 3"," 10"," 4"
"source4"," 68"," 1"," 4"," 10"," 4"
"source4"," 65"," 1"," 24"," 10"," 4"
"source4"," 66"," 1"," 25"," 10"," 4"
"source4"," 67"," 1"," 26"," 10"," 4"
"source4"," 68"," 1"," 27"," 10"," 4"
"source4"," 65"," 1"," 33"," 10"," 4"
"source4"," 66"," 1"," 34"," 10"," 4"
"source4"," 67"," 1"," 35"," 10"," 4"
"source4"," 68"," 1"," 36"," 10"," 4"
"source4"," 65"," 1"," 60"," 10"," 4"
"source4"," 66"," 1"," 61"," 10"," 4"
"source4"," 67"," 1"," 62"," 10"," 4"
"source4"," 68"," 1"," 63"," 10"," 4"
"source4"," 65"," 1"," 73"," 10"," 4"
"source4"," 66"," 1"," 74"," 10"," 4"
"source4"," 67"," 1"," 75"," 10"," 4"
"source4"," 68"," 1"," 76"," 10"," 4"
"source4"," 69"," 1"," 5"," 10"," 4"
"source4"," 70"," 1"," 6"," 10"," 4"
"source4"," 71"," 1"," 7"," 10"," 4"
"source4"," 72"," 1"," 8"," 10"," 4"
"source4"," 69"," 1"," 28"," 10"," 4"
"source4"," 70"," 1"," 29"," 10"," 4"
"source4"," 71"," 1"," 30"," 10"," 4"
"source4"," 72"," 1"," 31"," 10"," 4"
"source4"," 69"," 1"," 37"," 10"," 4"
"source4"," 70"," 1"," 38"," 10"," 4"
"source4"," 71"," 1"," 39"," 10"," 4"
"source4"," 72"," 1"," 40"," 10"," 4"
"source4"," 69"," 1"," 64"," 10"," 4"
"source4"," 70"," 1"," 49"," 10"," 4"
"source4"," 71"," 1"," 50"," 10"," 4"
"source4"," 72"," 1"," 51"," 10"," 4"
"source4"," 69"," 1"," 77"," 10"," 4"
"source4"," 70"," 1"," 78"," 10"," 4"
"source4"," 71"," 1"," 79"," 10"," 4"
"source4"," 72"," 1"," 80"," 10"," 4"
"source4"," 73"," 1"," 9"," 10"," 4"
"source4"," 74"," 1"," 10"," 10"," 4"
"source4"," 75"," 1"," 11"," 10"," 4"
"source4"," 76"," 1"," 12"," 10"," 4"
"source4"," 73"," 1"," 32"," 10"," 4"
"source4"," 74"," 1"," 17"," 10"," 4"
"source4"," 75"," 1"," 18"," 10"," 4"
"source4"," 76"," 1"," 19"," 10"," 4"
"source4"," 73"," 1"," 41"," 10"," 4"
"source4"," 74"," 1"," 42"," 10"," 4"
"source4"," 75"," 1"," 43"," 10"," 4"
"source4"," 76"," 1"," 44"," 10"," 4"
"source4"," 73"," 1"," 52"," 10"," 4"
"source4"," 74"," 1"," 53"," 10"," 4"
"source4"," 75"," 1"," 54"," 10"," 4"
"source4"," 76"," 1"," 55"," 10"," 4"
"source4"," 73"," 1"," 65"," 10"," 4"
"source4"," 74"," 1"," 66"," 10"," 4"
"source4"," 75"," 1"," 67"," 10"," 4"
"source4"," 76"," 1"," 68"," 10"," 4"
"source4"," 77"," 1"," 13"," 10"," 4"
"source4"," 78"," 1"," 14"," 10"," 4"
"source4"," 79"," 1"," 15"," 10"," 4"
"source4"," 80"," 1"," 16"," 10"," 4"
"source4"," 77"," 1"," 20"," 10"," 4"
"source4"," 78"," 1"," 21"," 10"," 4"
"source4"," 79"," 1"," 22"," 10"," 4"
"source4"," 80"," 1"," 23"," 10"," 4"
"source4"," 77"," 1"," 45"," 10"," 4"
"source4"," 78"," 1"," 46"," 10"," 4"
"source4"," 79"," 1"," 47"," 10"," 4"
"source4"," 80"," 1"," 48"," 10"," 4"
"source4"," 77"," 1"," 56"," 10"," 4"
"source4"," 78"," 1"," 57"," 10"," 4"
"source4"," 79"," 1"," 58"," 10"," 4"
"source4"," 80"," 1"," 59"," 10"," 4"
"source4"," 77"," 1"," 69"," 10"," 4"
"source4"," 78"," 1"," 70"," 10"," 4"
"source4"," 79"," 1"," 71"," 10"," 4"
"source4"," 80"," 1"," 72"," 10"," 4"
"source4"," 81"," 1"," 1"," 10"," 4"
"source4"," 82"," 1"," 2"," 10"," 4"
"source4"," 83"," 1"," 3"," 10"," 4"
"source4"," 84"," 1"," 4"," 10"," 4"
"source4"," 81"," 1"," 25"," 10"," 4"
"source4"," 82"," 1"," 26"," 10"," 4"
"source4"," 83"," 1"," 27"," 10"," 4"
"source4"," 84"," 1"," 28"," 10"," 4"
"source4"," 81"," 1"," 35"," 10"," 4"
"source4"," 82"," 1"," 36"," 10"," 4"
"source4"," 83"," 1"," 37"," 10"," 4"
"source4"," 84"," 1"," 38"," 10"," 4"
"source4"," 81"," 1"," 63"," 10"," 4"
"source4"," 82"," 1"," 64"," 10"," 4"
"source4"," 83"," 1"," 49"," 10"," 4"
"source4"," 84"," 1"," 50"," 10"," 4"
"source4"," 81"," 1"," 77"," 10"," 4"
"source4"," 82"," 1"," 78"," 10"," 4"
"source4"," 83"," 1"," 79"," 10"," 4"
"source4"," 84"," 1"," 80"," 10"," 4"
"source4"," 85"," 1"," 5"," 10"," 4"
"source4"," 86"," 1"," 6"," 10"," 4"
"source4"," 87"," 1"," 7"," 10"," 4"
"source4"," 88"," 1"," 8"," 10"," 4"
"source4"," 85"," 1"," 29"," 10"," 4"
"source4"," 86"," 1"," 30"," 10"," 4"
"source4"," 87"," 1"," 31"," 10"," 4"
"source4"," 88"," 1"," 32"," 10"," 4"
"source4"," 85"," 1"," 39"," 10"," 4"
"source4"," 86"," 1"," 40"," 10"," 4"
"source4"," 87"," 1"," 41"," 10"," 4"
"source4"," 88"," 1"," 42"," 10"," 4"
"source4"," 85"," 1"," 51"," 10"," 4"
"source4"," 86"," 1"," 52"," 10"," 4"
"source4"," 87"," 1"," 53"," 10"," 4"
"source4"," 88"," 1"," 54"," 10"," 4"
"source4"," 85"," 1"," 65"," 10"," 4"
"source4"," 86"," 1"," 66"," 10"," 4"
"source4"," 87"," 1"," 67"," 10"," 4"
"source4"," 88"," 1"," 68"," 10"," 4"
"source4"," 89"," 1"," 9"," 10"," 4"
"source4"," 90"," 1"," 10"," 10"," 4"
"source4"," 91"," 1"," 11"," 10"," 4"
"source4"," 92"," 1"," 12"," 10"," 4"
"source4"," 89"," 1"," 17"," 10"," 4"
"source4"," 90"," 1"," 18"," 10"," 4"
"source4"," 91"," 1"," 19"," 10"," 4"
"source4"," 92"," 1"," 20"," 10"," 4"
"source4"," 89"," 1"," 43"," 10"," 4"
"source4"," 90"," 1"," 44"," 10"," 4"
"source4"," 91"," 1"," 45"," 10"," 4"
"source4"," 92"," 1"," 46"," 10"," 4"
"source4"," 89"," 1"," 55"," 10"," 4"
"source4"," 90"," 1"," 56"," 10"," 4"
"source4"," 91"," 1"," 57"," 10"," 4"
"source4"," 92"," 1"," 58"," 10"," 4"
"source4"," 89"," 1"," 69"," 10"," 4"
"source4"," 90"," 1"," 70"," 10"," 4"
"source4"," 91"," 1"," 71"," 10"," 4"
"source4"," 92"," 1"," 72"," 10"," 4"
"source4"," 93"," 1"," 13"," 10"," 4"
"source4"," 94"," 1"," 14"," 10"," 4"
"source4"," 95"," 1"," 15"," 10"," 4"
"source4"," 96"," 1"," 16"," 10"," 4"
"source4"," 93"," 1"," 21"," 10"," 4"
"source4"," 94"," 1"," 22"," 10"," 4"
"source4"," 95"," 1"," 23"," 10"," 4"
"source4"," 96"," 1"," 24"," 10"," 4"
"source4"," 93"," 1"," 47"," 10"," 4"
"source4"," 94"," 1"," 48"," 10"," 4"
"source4"," 95"," 1"," 33"," 10"," 4"
"source4"," 96"," 1"," 34"," 10"," 4"
"source4"," 93"," 1"," 59"," 10"," 4"
"source4"," 94"," 1"," 60"," 10"," 4"
"source4"," 95"," 1"," 61"," 10"," 4"
"source4"," 96"," 1"," 62"," 10"," 4"
"source4"," 93"," 1"," 73"," 10"," 4"
"source4"," 94"," 1"," 74"," 10"," 4"
"source4"," 95"," 1"," 75"," 10"," 4"
"source4"," 96"," 1"," 76"," 10"," 4"
